pkt arrival time,MACsrc,MACdst,APPID,GOOSElength,gocbRef,Timeallowedtolive,datset,goID,t,stNum,sqNum,simulation,confRev,ndsCom,num of data,data
1725340822.872601,20:17:01:16:f0:23,01:0c:cd:01:0c:01,0x3101,146,QUTZS_XFMR1PIOC/LLN0$GO$gcb_1,1100,QUTZS_XFMR1PIOC/LLN0$DS_XFMR,gcb_1,1725340822.87200,1,0,False,200,False,8,"[False, 0, True, 0, False, 0, True, 0]"
1725340823.476441,20:17:01:16:f0:32,01:0c:cd:01:0c:02,0x3102,146,QUTZS_XFMR2PIOC/LLN0$GO$gcb_1,1100,QUTZS_XFMR2PIOC/LLN0$DS_XFMR,gcb_1,1725340823.36400,1,0,False,200,False,8,"[True, 0, False, 0, False, 0, True, 0]"
1725340823.501281,20:17:01:16:f0:11,01:0c:cd:01:0c:03,0x3103,165,QUTZS_FDRPIOC/LLN0$GO$gcb_1,1100,QUTZS_FDRPIOC/LLN0$DS_FDR,gcb_1,1725340823.38700,1,0,False,200,False,14,"[False, 0, True, 0, False, 0, False, 0, False, 0, False, 0, False, 0]"
1725340823.804108,20:17:01:16:f0:23,01:0c:cd:01:0c:01,0x3101,146,QUTZS_XFMR1PIOC/LLN0$GO$gcb_1,1100,QUTZS_XFMR1PIOC/LLN0$DS_XFMR,gcb_1,1725340822.87200,1,1,False,200,False,8,"[False, 0, True, 0, False, 0, True, 0]"
1725340824.413512,20:17:01:16:f0:32,01:0c:cd:01:0c:02,0x3102,146,QUTZS_XFMR2PIOC/LLN0$GO$gcb_1,1100,QUTZS_XFMR2PIOC/LLN0$DS_XFMR,gcb_1,1725340823.36400,1,1,False,200,False,8,"[True, 0, False, 0, False, 0, True, 0]"
1725340824.436009,20:17:01:16:f0:11,01:0c:cd:01:0c:03,0x3103,165,QUTZS_FDRPIOC/LLN0$GO$gcb_1,1100,QUTZS_FDRPIOC/LLN0$DS_FDR,gcb_1,1725340823.38700,1,1,False,200,False,14,"[False, 0, True, 0, False, 0, False, 0, False, 0, False, 0, False, 0]"
1725340824.757292,20:17:01:16:f0:23,01:0c:cd:01:0c:01,0x3101,146,QUTZS_XFMR1PIOC/LLN0$GO$gcb_1,1100,QUTZS_XFMR1PIOC/LLN0$DS_XFMR,gcb_1,1725340822.87200,1,2,False,200,False,8,"[False, 0, True, 0, False, 0, True, 0]"
1725340825.340136,20:17:01:16:f0:32,01:0c:cd:01:0c:02,0x3102,146,QUTZS_XFMR2PIOC/LLN0$GO$gcb_1,1100,QUTZS_XFMR2PIOC/LLN0$DS_XFMR,gcb_1,1725340823.36400,1,2,False,200,False,8,"[True, 0, False, 0, False, 0, True, 0]"
1725340825.353641,20:17:01:16:f0:11,01:0c:cd:01:0c:03,0x3103,165,QUTZS_FDRPIOC/LLN0$GO$gcb_1,1100,QUTZS_FDRPIOC/LLN0$DS_FDR,gcb_1,1725340823.38700,1,2,False,200,False,14,"[False, 0, True, 0, False, 0, False, 0, False, 0, False, 0, False, 0]"
1725340825.701193,20:17:01:16:f0:23,01:0c:cd:01:0c:01,0x3101,146,QUTZS_XFMR1PIOC/LLN0$GO$gcb_1,1100,QUTZS_XFMR1PIOC/LLN0$DS_XFMR,gcb_1,1725340822.87200,1,3,False,200,False,8,"[False, 0, True, 0, False, 0, True, 0]"
1725340826.254014,20:17:01:16:f0:32,01:0c:cd:01:0c:02,0x3102,146,QUTZS_XFMR2PIOC/LLN0$GO$gcb_1,1100,QUTZS_XFMR2PIOC/LLN0$DS_XFMR,gcb_1,1725340823.36400,1,3,False,200,False,8,"[True, 0, False, 0, False, 0, True, 0]"
1725340826.284972,20:17:01:16:f0:11,01:0c:cd:01:0c:03,0x3103,165,QUTZS_FDRPIOC/LLN0$GO$gcb_1,1100,QUTZS_FDRPIOC/LLN0$DS_FDR,gcb_1,1725340823.38700,1,3,False,200,False,14,"[False, 0, True, 0, False, 0, False, 0, False, 0, False, 0, False, 0]"
1725340826.633343,20:17:01:16:f0:23,01:0c:cd:01:0c:01,0x3101,146,QUTZS_XFMR1PIOC/LLN0$GO$gcb_1,1100,QUTZS_XFMR1PIOC/LLN0$DS_XFMR,gcb_1,1725340822.87200,1,4,False,200,False,8,"[False, 0, True, 0, False, 0, True, 0]"
1725340827.191540,20:17:01:16:f0:32,01:0c:cd:01:0c:02,0x3102,146,QUTZS_XFMR2PIOC/LLN0$GO$gcb_1,1100,QUTZS_XFMR2PIOC/LLN0$DS_XFMR,gcb_1,1725340823.36400,1,4,False,200,False,8,"[True, 0, False, 0, False, 0, True, 0]"
1725340827.216926,20:17:01:16:f0:11,01:0c:cd:01:0c:03,0x3103,165,QUTZS_FDRPIOC/LLN0$GO$gcb_1,1100,QUTZS_FDRPIOC/LLN0$DS_FDR,gcb_1,1725340823.38700,1,4,False,200,False,14,"[False, 0, True, 0, False, 0, False, 0, False, 0, False, 0, False, 0]"
1725340827.586760,20:17:01:16:f0:23,01:0c:cd:01:0c:01,0x3101,146,QUTZS_XFMR1PIOC/LLN0$GO$gcb_1,1100,QUTZS_XFMR1PIOC/LLN0$DS_XFMR,gcb_1,1725340822.87200,1,5,False,200,False,8,"[False, 0, True, 0, False, 0, True, 0]"
1725340828.102654,20:17:01:16:f0:32,01:0c:cd:01:0c:02,0x3102,146,QUTZS_XFMR2PIOC/LLN0$GO$gcb_1,1100,QUTZS_XFMR2PIOC/LLN0$DS_XFMR,gcb_1,1725340823.36400,1,5,False,200,False,8,"[True, 0, False, 0, False, 0, True, 0]"
1725340828.151208,20:17:01:16:f0:11,01:0c:cd:01:0c:03,0x3103,165,QUTZS_FDRPIOC/LLN0$GO$gcb_1,1100,QUTZS_FDRPIOC/LLN0$DS_FDR,gcb_1,1725340823.38700,1,5,False,200,False,14,"[False, 0, True, 0, False, 0, False, 0, False, 0, False, 0, False, 0]"
1725340828.546130,20:17:01:16:f0:23,01:0c:cd:01:0c:01,0x3101,146,QUTZS_XFMR1PIOC/LLN0$GO$gcb_1,1100,QUTZS_XFMR1PIOC/LLN0$DS_XFMR,gcb_1,1725340822.87200,1,6,False,200,False,8,"[False, 0, True, 0, False, 0, True, 0]"
1725340829.025685,20:17:01:16:f0:32,01:0c:cd:01:0c:02,0x3102,146,QUTZS_XFMR2PIOC/LLN0$GO$gcb_1,1100,QUTZS_XFMR2PIOC/LLN0$DS_XFMR,gcb_1,1725340823.36400,1,6,False,200,False,8,"[True, 0, False, 0, False, 0, True, 0]"
1725340829.086150,20:17:01:16:f0:11,01:0c:cd:01:0c:03,0x3103,165,QUTZS_FDRPIOC/LLN0$GO$gcb_1,1100,QUTZS_FDRPIOC/LLN0$DS_FDR,gcb_1,1725340823.38700,1,6,False,200,False,14,"[False, 0, True, 0, False, 0, False, 0, False, 0, False, 0, False, 0]"
1725340829.478298,20:17:01:16:f0:23,01:0c:cd:01:0c:01,0x3101,146,QUTZS_XFMR1PIOC/LLN0$GO$gcb_1,1100,QUTZS_XFMR1PIOC/LLN0$DS_XFMR,gcb_1,1725340822.87200,1,7,False,200,False,8,"[False, 0, True, 0, False, 0, True, 0]"
1725340829.953984,20:17:01:16:f0:32,01:0c:cd:01:0c:02,0x3102,146,QUTZS_XFMR2PIOC/LLN0$GO$gcb_1,1100,QUTZS_XFMR2PIOC/LLN0$DS_XFMR,gcb_1,1725340823.36400,1,7,False,200,False,8,"[True, 0, False, 0, False, 0, True, 0]"
1725340830.019964,20:17:01:16:f0:11,01:0c:cd:01:0c:03,0x3103,165,QUTZS_FDRPIOC/LLN0$GO$gcb_1,1100,QUTZS_FDRPIOC/LLN0$DS_FDR,gcb_1,1725340823.38700,1,7,False,200,False,14,"[False, 0, True, 0, False, 0, False, 0, False, 0, False, 0, False, 0]"
1725340830.428639,20:17:01:16:f0:23,01:0c:cd:01:0c:01,0x3101,146,QUTZS_XFMR1PIOC/LLN0$GO$gcb_1,1100,QUTZS_XFMR1PIOC/LLN0$DS_XFMR,gcb_1,1725340822.87200,1,8,False,200,False,8,"[False, 0, True, 0, False, 0, True, 0]"
1725340830.873453,20:17:01:16:f0:32,01:0c:cd:01:0c:02,0x3102,146,QUTZS_XFMR2PIOC/LLN0$GO$gcb_1,1100,QUTZS_XFMR2PIOC/LLN0$DS_XFMR,gcb_1,1725340823.36400,1,8,False,200,False,8,"[True, 0, False, 0, False, 0, True, 0]"
1725340830.938055,20:17:01:16:f0:11,01:0c:cd:01:0c:03,0x3103,165,QUTZS_FDRPIOC/LLN0$GO$gcb_1,1100,QUTZS_FDRPIOC/LLN0$DS_FDR,gcb_1,1725340823.38700,1,8,False,200,False,14,"[False, 0, True, 0, False, 0, False, 0, False, 0, False, 0, False, 0]"
1725340831.360118,20:17:01:16:f0:23,01:0c:cd:01:0c:01,0x3101,146,QUTZS_XFMR1PIOC/LLN0$GO$gcb_1,1100,QUTZS_XFMR1PIOC/LLN0$DS_XFMR,gcb_1,1725340822.87200,1,9,False,200,False,8,"[False, 0, True, 0, False, 0, True, 0]"
1725340831.793717,20:17:01:16:f0:32,01:0c:cd:01:0c:02,0x3102,146,QUTZS_XFMR2PIOC/LLN0$GO$gcb_1,1100,QUTZS_XFMR2PIOC/LLN0$DS_XFMR,gcb_1,1725340823.36400,1,9,False,200,False,8,"[True, 0, False, 0, False, 0, True, 0]"
1725340831.876656,20:17:01:16:f0:11,01:0c:cd:01:0c:03,0x3103,165,QUTZS_FDRPIOC/LLN0$GO$gcb_1,1100,QUTZS_FDRPIOC/LLN0$DS_FDR,gcb_1,1725340823.38700,1,9,False,200,False,14,"[False, 0, True, 0, False, 0, False, 0, False, 0, False, 0, False, 0]"
1725340832.303405,20:17:01:16:f0:23,01:0c:cd:01:0c:01,0x3101,146,QUTZS_XFMR1PIOC/LLN0$GO$gcb_1,1100,QUTZS_XFMR1PIOC/LLN0$DS_XFMR,gcb_1,1725340822.87200,1,10,False,200,False,8,"[False, 0, True, 0, False, 0, True, 0]"
1725340832.721758,20:17:01:16:f0:32,01:0c:cd:01:0c:02,0x3102,146,QUTZS_XFMR2PIOC/LLN0$GO$gcb_1,1100,QUTZS_XFMR2PIOC/LLN0$DS_XFMR,gcb_1,1725340823.36400,1,10,False,200,False,8,"[True, 0, False, 0, False, 0, True, 0]"
1725340832.790895,20:17:01:16:f0:11,01:0c:cd:01:0c:03,0x3103,165,QUTZS_FDRPIOC/LLN0$GO$gcb_1,1100,QUTZS_FDRPIOC/LLN0$DS_FDR,gcb_1,1725340823.38700,1,10,False,200,False,14,"[False, 0, True, 0, False, 0, False, 0, False, 0, False, 0, False, 0]"
1725340833.231049,20:17:01:16:f0:23,01:0c:cd:01:0c:01,0x3101,146,QUTZS_XFMR1PIOC/LLN0$GO$gcb_1,1100,QUTZS_XFMR1PIOC/LLN0$DS_XFMR,gcb_1,1725340822.87200,1,11,False,200,False,8,"[False, 0, True, 0, False, 0, True, 0]"
1725340833.652683,20:17:01:16:f0:32,01:0c:cd:01:0c:02,0x3102,146,QUTZS_XFMR2PIOC/LLN0$GO$gcb_1,1100,QUTZS_XFMR2PIOC/LLN0$DS_XFMR,gcb_1,1725340823.36400,1,11,False,200,False,8,"[True, 0, False, 0, False, 0, True, 0]"
1725340833.711087,20:17:01:16:f0:11,01:0c:cd:01:0c:03,0x3103,165,QUTZS_FDRPIOC/LLN0$GO$gcb_1,1100,QUTZS_FDRPIOC/LLN0$DS_FDR,gcb_1,1725340823.38700,1,11,False,200,False,14,"[False, 0, True, 0, False, 0, False, 0, False, 0, False, 0, False, 0]"
1725340834.155265,20:17:01:16:f0:23,01:0c:cd:01:0c:01,0x3101,146,QUTZS_XFMR1PIOC/LLN0$GO$gcb_1,1100,QUTZS_XFMR1PIOC/LLN0$DS_XFMR,gcb_1,1725340822.87200,1,12,False,200,False,8,"[False, 0, True, 0, False, 0, True, 0]"
1725340834.573824,20:17:01:16:f0:32,01:0c:cd:01:0c:02,0x3102,146,QUTZS_XFMR2PIOC/LLN0$GO$gcb_1,1100,QUTZS_XFMR2PIOC/LLN0$DS_XFMR,gcb_1,1725340823.36400,1,12,False,200,False,8,"[True, 0, False, 0, False, 0, True, 0]"
1725340834.643421,20:17:01:16:f0:11,01:0c:cd:01:0c:03,0x3103,165,QUTZS_FDRPIOC/LLN0$GO$gcb_1,1100,QUTZS_FDRPIOC/LLN0$DS_FDR,gcb_1,1725340823.38700,1,12,False,200,False,14,"[False, 0, True, 0, False, 0, False, 0, False, 0, False, 0, False, 0]"
1725340835.085081,20:17:01:16:f0:23,01:0c:cd:01:0c:01,0x3101,146,QUTZS_XFMR1PIOC/LLN0$GO$gcb_1,1100,QUTZS_XFMR1PIOC/LLN0$DS_XFMR,gcb_1,1725340822.87200,1,13,False,200,False,8,"[False, 0, True, 0, False, 0, True, 0]"
1725340835.495628,20:17:01:16:f0:32,01:0c:cd:01:0c:02,0x3102,146,QUTZS_XFMR2PIOC/LLN0$GO$gcb_1,1100,QUTZS_XFMR2PIOC/LLN0$DS_XFMR,gcb_1,1725340823.36400,1,13,False,200,False,8,"[True, 0, False, 0, False, 0, True, 0]"
1725340835.555770,20:17:01:16:f0:11,01:0c:cd:01:0c:03,0x3103,165,QUTZS_FDRPIOC/LLN0$GO$gcb_1,1100,QUTZS_FDRPIOC/LLN0$DS_FDR,gcb_1,1725340823.38700,1,13,False,200,False,14,"[False, 0, True, 0, False, 0, False, 0, False, 0, False, 0, False, 0]"
1725340836.014634,20:17:01:16:f0:23,01:0c:cd:01:0c:01,0x3101,146,QUTZS_XFMR1PIOC/LLN0$GO$gcb_1,1100,QUTZS_XFMR1PIOC/LLN0$DS_XFMR,gcb_1,1725340822.87200,1,14,False,200,False,8,"[False, 0, True, 0, False, 0, True, 0]"
1725340836.413885,20:17:01:16:f0:32,01:0c:cd:01:0c:02,0x3102,146,QUTZS_XFMR2PIOC/LLN0$GO$gcb_1,1100,QUTZS_XFMR2PIOC/LLN0$DS_XFMR,gcb_1,1725340823.36400,1,14,False,200,False,8,"[True, 0, False, 0, False, 0, True, 0]"
1725340836.470309,20:17:01:16:f0:11,01:0c:cd:01:0c:03,0x3103,165,QUTZS_FDRPIOC/LLN0$GO$gcb_1,1100,QUTZS_FDRPIOC/LLN0$DS_FDR,gcb_1,1725340823.38700,1,14,False,200,False,14,"[False, 0, True, 0, False, 0, False, 0, False, 0, False, 0, False, 0]"
1725340836.946175,20:17:01:16:f0:23,01:0c:cd:01:0c:01,0x3101,146,QUTZS_XFMR1PIOC/LLN0$GO$gcb_1,1100,QUTZS_XFMR1PIOC/LLN0$DS_XFMR,gcb_1,1725340822.87200,1,15,False,200,False,8,"[False, 0, True, 0, False, 0, True, 0]"
1725340837.345051,20:17:01:16:f0:32,01:0c:cd:01:0c:02,0x3102,146,QUTZS_XFMR2PIOC/LLN0$GO$gcb_1,1100,QUTZS_XFMR2PIOC/LLN0$DS_XFMR,gcb_1,1725340823.36400,1,15,False,200,False,8,"[True, 0, False, 0, False, 0, True, 0]"
1725340837.389570,20:17:01:16:f0:11,01:0c:cd:01:0c:03,0x3103,165,QUTZS_FDRPIOC/LLN0$GO$gcb_1,1100,QUTZS_FDRPIOC/LLN0$DS_FDR,gcb_1,1725340823.38700,1,15,False,200,False,14,"[False, 0, True, 0, False, 0, False, 0, False, 0, False, 0, False, 0]"
1725340837.869942,20:17:01:16:f0:23,01:0c:cd:01:0c:01,0x3101,146,QUTZS_XFMR1PIOC/LLN0$GO$gcb_1,1100,QUTZS_XFMR1PIOC/LLN0$DS_XFMR,gcb_1,1725340822.87200,1,16,False,200,False,8,"[False, 0, True, 0, False, 0, True, 0]"
1725340838.264460,20:17:01:16:f0:32,01:0c:cd:01:0c:02,0x3102,146,QUTZS_XFMR2PIOC/LLN0$GO$gcb_1,1100,QUTZS_XFMR2PIOC/LLN0$DS_XFMR,gcb_1,1725340823.36400,1,16,False,200,False,8,"[True, 0, False, 0, False, 0, True, 0]"
1725340838.312944,20:17:01:16:f0:11,01:0c:cd:01:0c:03,0x3103,165,QUTZS_FDRPIOC/LLN0$GO$gcb_1,1100,QUTZS_FDRPIOC/LLN0$DS_FDR,gcb_1,1725340823.38700,1,16,False,200,False,14,"[False, 0, True, 0, False, 0, False, 0, False, 0, False, 0, False, 0]"
1725340838.825524,20:17:01:16:f0:23,01:0c:cd:01:0c:01,0x3101,146,QUTZS_XFMR1PIOC/LLN0$GO$gcb_1,1100,QUTZS_XFMR1PIOC/LLN0$DS_XFMR,gcb_1,1725340822.87200,1,17,False,200,False,8,"[False, 0, True, 0, False, 0, True, 0]"
1725340839.186025,20:17:01:16:f0:32,01:0c:cd:01:0c:02,0x3102,146,QUTZS_XFMR2PIOC/LLN0$GO$gcb_1,1100,QUTZS_XFMR2PIOC/LLN0$DS_XFMR,gcb_1,1725340823.36400,1,17,False,200,False,8,"[True, 0, False, 0, False, 0, True, 0]"
1725340839.240211,20:17:01:16:f0:11,01:0c:cd:01:0c:03,0x3103,165,QUTZS_FDRPIOC/LLN0$GO$gcb_1,1100,QUTZS_FDRPIOC/LLN0$DS_FDR,gcb_1,1725340823.38700,1,17,False,200,False,14,"[False, 0, True, 0, False, 0, False, 0, False, 0, False, 0, False, 0]"
1725340839.766350,20:17:01:16:f0:23,01:0c:cd:01:0c:01,0x3101,146,QUTZS_XFMR1PIOC/LLN0$GO$gcb_1,1100,QUTZS_XFMR1PIOC/LLN0$DS_XFMR,gcb_1,1725340822.87200,1,18,False,200,False,8,"[False, 0, True, 0, False, 0, True, 0]"
1725340840.103251,20:17:01:16:f0:32,01:0c:cd:01:0c:02,0x3102,146,QUTZS_XFMR2PIOC/LLN0$GO$gcb_1,1100,QUTZS_XFMR2PIOC/LLN0$DS_XFMR,gcb_1,1725340823.36400,1,18,False,200,False,8,"[True, 0, False, 0, False, 0, True, 0]"
1725340840.169407,20:17:01:16:f0:11,01:0c:cd:01:0c:03,0x3103,165,QUTZS_FDRPIOC/LLN0$GO$gcb_1,1100,QUTZS_FDRPIOC/LLN0$DS_FDR,gcb_1,1725340823.38700,1,18,False,200,False,14,"[False, 0, True, 0, False, 0, False, 0, False, 0, False, 0, False, 0]"
1725340840.695123,20:17:01:16:f0:23,01:0c:cd:01:0c:01,0x3101,146,QUTZS_XFMR1PIOC/LLN0$GO$gcb_1,1100,QUTZS_XFMR1PIOC/LLN0$DS_XFMR,gcb_1,1725340822.87200,1,19,False,200,False,8,"[False, 0, True, 0, False, 0, True, 0]"
1725340841.034645,20:17:01:16:f0:32,01:0c:cd:01:0c:02,0x3102,146,QUTZS_XFMR2PIOC/LLN0$GO$gcb_1,1100,QUTZS_XFMR2PIOC/LLN0$DS_XFMR,gcb_1,1725340823.36400,1,19,False,200,False,8,"[True, 0, False, 0, False, 0, True, 0]"
1725340841.096340,20:17:01:16:f0:11,01:0c:cd:01:0c:03,0x3103,165,QUTZS_FDRPIOC/LLN0$GO$gcb_1,1100,QUTZS_FDRPIOC/LLN0$DS_FDR,gcb_1,1725340823.38700,1,19,False,200,False,14,"[False, 0, True, 0, False, 0, False, 0, False, 0, False, 0, False, 0]"
1725340841.653164,20:17:01:16:f0:23,01:0c:cd:01:0c:01,0x3101,146,QUTZS_XFMR1PIOC/LLN0$GO$gcb_1,1100,QUTZS_XFMR1PIOC/LLN0$DS_XFMR,gcb_1,1725340822.87200,1,20,False,200,False,8,"[False, 0, True, 0, False, 0, True, 0]"
1725340841.951042,20:17:01:16:f0:32,01:0c:cd:01:0c:02,0x3102,146,QUTZS_XFMR2PIOC/LLN0$GO$gcb_1,1100,QUTZS_XFMR2PIOC/LLN0$DS_XFMR,gcb_1,1725340823.36400,1,20,False,200,False,8,"[True, 0, False, 0, False, 0, True, 0]"
1725340842.028548,20:17:01:16:f0:11,01:0c:cd:01:0c:03,0x3103,165,QUTZS_FDRPIOC/LLN0$GO$gcb_1,1100,QUTZS_FDRPIOC/LLN0$DS_FDR,gcb_1,1725340823.38700,1,20,False,200,False,14,"[False, 0, True, 0, False, 0, False, 0, False, 0, False, 0, False, 0]"
1725340842.625535,20:17:01:16:f0:23,01:0c:cd:01:0c:01,0x3101,146,QUTZS_XFMR1PIOC/LLN0$GO$gcb_1,1100,QUTZS_XFMR1PIOC/LLN0$DS_XFMR,gcb_1,1725340822.87200,1,21,False,200,False,8,"[False, 0, True, 0, False, 0, True, 0]"
1725340842.877475,20:17:01:16:f0:32,01:0c:cd:01:0c:02,0x3102,146,QUTZS_XFMR2PIOC/LLN0$GO$gcb_1,1100,QUTZS_XFMR2PIOC/LLN0$DS_XFMR,gcb_1,1725340823.36400,1,21,False,200,False,8,"[True, 0, False, 0, False, 0, True, 0]"
1725340842.956971,20:17:01:16:f0:11,01:0c:cd:01:0c:03,0x3103,165,QUTZS_FDRPIOC/LLN0$GO$gcb_1,1100,QUTZS_FDRPIOC/LLN0$DS_FDR,gcb_1,1725340823.38700,1,21,False,200,False,14,"[False, 0, True, 0, False, 0, False, 0, False, 0, False, 0, False, 0]"
1725340843.599525,20:17:01:16:f0:23,01:0c:cd:01:0c:01,0x3101,146,QUTZS_XFMR1PIOC/LLN0$GO$gcb_1,1100,QUTZS_XFMR1PIOC/LLN0$DS_XFMR,gcb_1,1725340822.87200,1,22,False,200,False,8,"[False, 0, True, 0, False, 0, True, 0]"
1725340843.823580,20:17:01:16:f0:32,01:0c:cd:01:0c:02,0x3102,146,QUTZS_XFMR2PIOC/LLN0$GO$gcb_1,1100,QUTZS_XFMR2PIOC/LLN0$DS_XFMR,gcb_1,1725340843.71100,2,0,False,200,False,8,"[True, 0, True, 0, True, 0, False, 0]"
1725340843.830732,20:17:01:16:f0:32,01:0c:cd:01:0c:02,0x3102,146,QUTZS_XFMR2PIOC/LLN0$GO$gcb_1,1100,QUTZS_XFMR2PIOC/LLN0$DS_XFMR,gcb_1,1725340843.71100,2,1,False,200,False,8,"[True, 0, True, 0, True, 0, False, 0]"
1725340843.844385,20:17:01:16:f0:32,01:0c:cd:01:0c:02,0x3102,146,QUTZS_XFMR2PIOC/LLN0$GO$gcb_1,1100,QUTZS_XFMR2PIOC/LLN0$DS_XFMR,gcb_1,1725340843.71100,2,2,False,200,False,8,"[True, 0, True, 0, True, 0, False, 0]"
1725340843.860636,20:17:01:16:f0:32,01:0c:cd:01:0c:02,0x3102,146,QUTZS_XFMR2PIOC/LLN0$GO$gcb_1,1100,QUTZS_XFMR2PIOC/LLN0$DS_XFMR,gcb_1,1725340843.71100,2,3,False,200,False,8,"[True, 0, True, 0, True, 0, False, 0]"
1725340843.876636,20:17:01:16:f0:11,01:0c:cd:01:0c:03,0x3103,165,QUTZS_FDRPIOC/LLN0$GO$gcb_1,1100,QUTZS_FDRPIOC/LLN0$DS_FDR,gcb_1,1725340823.38700,1,22,False,200,False,14,"[False, 0, True, 0, False, 0, False, 0, False, 0, False, 0, False, 0]"
1725340843.924729,20:17:01:16:f0:32,01:0c:cd:01:0c:02,0x3102,146,QUTZS_XFMR2PIOC/LLN0$GO$gcb_1,1100,QUTZS_XFMR2PIOC/LLN0$DS_XFMR,gcb_1,1725340843.71100,2,4,False,200,False,8,"[True, 0, True, 0, True, 0, False, 0]"
1725340844.181317,20:17:01:16:f0:32,01:0c:cd:01:0c:02,0x3102,146,QUTZS_XFMR2PIOC/LLN0$GO$gcb_1,1100,QUTZS_XFMR2PIOC/LLN0$DS_XFMR,gcb_1,1725340843.71100,2,5,False,200,False,8,"[True, 0, True, 0, True, 0, False, 0]"
1725340844.555792,20:17:01:16:f0:23,01:0c:cd:01:0c:01,0x3101,146,QUTZS_XFMR1PIOC/LLN0$GO$gcb_1,1100,QUTZS_XFMR1PIOC/LLN0$DS_XFMR,gcb_1,1725340822.87200,1,23,False,200,False,8,"[False, 0, True, 0, False, 0, True, 0]"
1725340844.809017,20:17:01:16:f0:11,01:0c:cd:01:0c:03,0x3103,165,QUTZS_FDRPIOC/LLN0$GO$gcb_1,1100,QUTZS_FDRPIOC/LLN0$DS_FDR,gcb_1,1725340823.38700,1,23,False,200,False,14,"[False, 0, True, 0, False, 0, False, 0, False, 0, False, 0, False, 0]"
1725340845.102003,20:17:01:16:f0:32,01:0c:cd:01:0c:02,0x3102,146,QUTZS_XFMR2PIOC/LLN0$GO$gcb_1,1100,QUTZS_XFMR2PIOC/LLN0$DS_XFMR,gcb_1,1725340843.71100,2,6,False,200,False,8,"[True, 0, True, 0, True, 0, False, 0]"
1725340845.494871,20:17:01:16:f0:23,01:0c:cd:01:0c:01,0x3101,146,QUTZS_XFMR1PIOC/LLN0$GO$gcb_1,1100,QUTZS_XFMR1PIOC/LLN0$DS_XFMR,gcb_1,1725340822.87200,1,24,False,200,False,8,"[False, 0, True, 0, False, 0, True, 0]"
1725340845.739326,20:17:01:16:f0:11,01:0c:cd:01:0c:03,0x3103,165,QUTZS_FDRPIOC/LLN0$GO$gcb_1,1100,QUTZS_FDRPIOC/LLN0$DS_FDR,gcb_1,1725340823.38700,1,24,False,200,False,14,"[False, 0, True, 0, False, 0, False, 0, False, 0, False, 0, False, 0]"
1725340846.024378,20:17:01:16:f0:32,01:0c:cd:01:0c:02,0x3102,146,QUTZS_XFMR2PIOC/LLN0$GO$gcb_1,1100,QUTZS_XFMR2PIOC/LLN0$DS_XFMR,gcb_1,1725340843.71100,2,7,False,200,False,8,"[True, 0, True, 0, True, 0, False, 0]"
1725340846.424236,20:17:01:16:f0:23,01:0c:cd:01:0c:01,0x3101,146,QUTZS_XFMR1PIOC/LLN0$GO$gcb_1,1100,QUTZS_XFMR1PIOC/LLN0$DS_XFMR,gcb_1,1725340822.87200,1,25,False,200,False,8,"[False, 0, True, 0, False, 0, True, 0]"
1725340846.669349,20:17:01:16:f0:11,01:0c:cd:01:0c:03,0x3103,165,QUTZS_FDRPIOC/LLN0$GO$gcb_1,1100,QUTZS_FDRPIOC/LLN0$DS_FDR,gcb_1,1725340823.38700,1,25,False,200,False,14,"[False, 0, True, 0, False, 0, False, 0, False, 0, False, 0, False, 0]"
1725340846.950789,20:17:01:16:f0:32,01:0c:cd:01:0c:02,0x3102,146,QUTZS_XFMR2PIOC/LLN0$GO$gcb_1,1100,QUTZS_XFMR2PIOC/LLN0$DS_XFMR,gcb_1,1725340843.71100,2,8,False,200,False,8,"[True, 0, True, 0, True, 0, False, 0]"
1725340847.346312,20:17:01:16:f0:23,01:0c:cd:01:0c:01,0x3101,146,QUTZS_XFMR1PIOC/LLN0$GO$gcb_1,1100,QUTZS_XFMR1PIOC/LLN0$DS_XFMR,gcb_1,1725340822.87200,1,26,False,200,False,8,"[False, 0, True, 0, False, 0, True, 0]"
1725340847.599643,20:17:01:16:f0:11,01:0c:cd:01:0c:03,0x3103,165,QUTZS_FDRPIOC/LLN0$GO$gcb_1,1100,QUTZS_FDRPIOC/LLN0$DS_FDR,gcb_1,1725340823.38700,1,26,False,200,False,14,"[False, 0, True, 0, False, 0, False, 0, False, 0, False, 0, False, 0]"
1725340847.866122,20:17:01:16:f0:32,01:0c:cd:01:0c:02,0x3102,146,QUTZS_XFMR2PIOC/LLN0$GO$gcb_1,1100,QUTZS_XFMR2PIOC/LLN0$DS_XFMR,gcb_1,1725340843.71100,2,9,False,200,False,8,"[True, 0, True, 0, True, 0, False, 0]"
1725340848.280556,20:17:01:16:f0:23,01:0c:cd:01:0c:01,0x3101,146,QUTZS_XFMR1PIOC/LLN0$GO$gcb_1,1100,QUTZS_XFMR1PIOC/LLN0$DS_XFMR,gcb_1,1725340822.87200,1,27,False,200,False,8,"[False, 0, True, 0, False, 0, True, 0]"
1725340848.527478,20:17:01:16:f0:11,01:0c:cd:01:0c:03,0x3103,165,QUTZS_FDRPIOC/LLN0$GO$gcb_1,1100,QUTZS_FDRPIOC/LLN0$DS_FDR,gcb_1,1725340823.38700,1,27,False,200,False,14,"[False, 0, True, 0, False, 0, False, 0, False, 0, False, 0, False, 0]"
1725340848.780863,20:17:01:16:f0:32,01:0c:cd:01:0c:02,0x3102,146,QUTZS_XFMR2PIOC/LLN0$GO$gcb_1,1100,QUTZS_XFMR2PIOC/LLN0$DS_XFMR,gcb_1,1725340843.71100,2,10,False,200,False,8,"[True, 0, True, 0, True, 0, False, 0]"
1725340849.214786,20:17:01:16:f0:23,01:0c:cd:01:0c:01,0x3101,146,QUTZS_XFMR1PIOC/LLN0$GO$gcb_1,1100,QUTZS_XFMR1PIOC/LLN0$DS_XFMR,gcb_1,1725340822.87200,1,28,False,200,False,8,"[False, 0, True, 0, False, 0, True, 0]"
1725340849.453577,20:17:01:16:f0:11,01:0c:cd:01:0c:03,0x3103,165,QUTZS_FDRPIOC/LLN0$GO$gcb_1,1100,QUTZS_FDRPIOC/LLN0$DS_FDR,gcb_1,1725340823.38700,1,28,False,200,False,14,"[False, 0, True, 0, False, 0, False, 0, False, 0, False, 0, False, 0]"
1725340849.707366,20:17:01:16:f0:32,01:0c:cd:01:0c:02,0x3102,146,QUTZS_XFMR2PIOC/LLN0$GO$gcb_1,1100,QUTZS_XFMR2PIOC/LLN0$DS_XFMR,gcb_1,1725340843.71100,2,11,False,200,False,8,"[True, 0, True, 0, True, 0, False, 0]"
1725340850.167546,20:17:01:16:f0:23,01:0c:cd:01:0c:01,0x3101,146,QUTZS_XFMR1PIOC/LLN0$GO$gcb_1,1100,QUTZS_XFMR1PIOC/LLN0$DS_XFMR,gcb_1,1725340822.87200,1,29,False,200,False,8,"[False, 0, True, 0, False, 0, True, 0]"
1725340850.372657,20:17:01:16:f0:11,01:0c:cd:01:0c:03,0x3103,165,QUTZS_FDRPIOC/LLN0$GO$gcb_1,1100,QUTZS_FDRPIOC/LLN0$DS_FDR,gcb_1,1725340823.38700,1,29,False,200,False,14,"[False, 0, True, 0, False, 0, False, 0, False, 0, False, 0, False, 0]"
1725340850.645703,20:17:01:16:f0:32,01:0c:cd:01:0c:02,0x3102,146,QUTZS_XFMR2PIOC/LLN0$GO$gcb_1,1100,QUTZS_XFMR2PIOC/LLN0$DS_XFMR,gcb_1,1725340843.71100,2,12,False,200,False,8,"[True, 0, True, 0, True, 0, False, 0]"
1725340851.124296,20:17:01:16:f0:23,01:0c:cd:01:0c:01,0x3101,146,QUTZS_XFMR1PIOC/LLN0$GO$gcb_1,1100,QUTZS_XFMR1PIOC/LLN0$DS_XFMR,gcb_1,1725340822.87200,1,30,False,200,False,8,"[False, 0, True, 0, False, 0, True, 0]"
1725340851.311852,20:17:01:16:f0:11,01:0c:cd:01:0c:03,0x3103,165,QUTZS_FDRPIOC/LLN0$GO$gcb_1,1100,QUTZS_FDRPIOC/LLN0$DS_FDR,gcb_1,1725340823.38700,1,30,False,200,False,14,"[False, 0, True, 0, False, 0, False, 0, False, 0, False, 0, False, 0]"
1725340851.568098,20:17:01:16:f0:32,01:0c:cd:01:0c:02,0x3102,146,QUTZS_XFMR2PIOC/LLN0$GO$gcb_1,1100,QUTZS_XFMR2PIOC/LLN0$DS_XFMR,gcb_1,1725340843.71100,2,13,False,200,False,8,"[True, 0, True, 0, True, 0, False, 0]"
1725340852.075848,20:17:01:16:f0:23,01:0c:cd:01:0c:01,0x3101,146,QUTZS_XFMR1PIOC/LLN0$GO$gcb_1,1100,QUTZS_XFMR1PIOC/LLN0$DS_XFMR,gcb_1,1725340822.87200,1,31,False,200,False,8,"[False, 0, True, 0, False, 0, True, 0]"
1725340852.239452,20:17:01:16:f0:11,01:0c:cd:01:0c:03,0x3103,165,QUTZS_FDRPIOC/LLN0$GO$gcb_1,1100,QUTZS_FDRPIOC/LLN0$DS_FDR,gcb_1,1725340823.38700,1,31,False,200,False,14,"[False, 0, True, 0, False, 0, False, 0, False, 0, False, 0, False, 0]"
1725340852.507988,20:17:01:16:f0:32,01:0c:cd:01:0c:02,0x3102,146,QUTZS_XFMR2PIOC/LLN0$GO$gcb_1,1100,QUTZS_XFMR2PIOC/LLN0$DS_XFMR,gcb_1,1725340843.71100,2,14,False,200,False,8,"[True, 0, True, 0, True, 0, False, 0]"
1725340853.026145,20:17:01:16:f0:23,01:0c:cd:01:0c:01,0x3101,146,QUTZS_XFMR1PIOC/LLN0$GO$gcb_1,1100,QUTZS_XFMR1PIOC/LLN0$DS_XFMR,gcb_1,1725340822.87200,1,32,False,200,False,8,"[False, 0, True, 0, False, 0, True, 0]"
1725340853.181199,20:17:01:16:f0:11,01:0c:cd:01:0c:03,0x3103,165,QUTZS_FDRPIOC/LLN0$GO$gcb_1,1100,QUTZS_FDRPIOC/LLN0$DS_FDR,gcb_1,1725340823.38700,1,32,False,200,False,14,"[False, 0, True, 0, False, 0, False, 0, False, 0, False, 0, False, 0]"
1725340853.436768,20:17:01:16:f0:32,01:0c:cd:01:0c:02,0x3102,146,QUTZS_XFMR2PIOC/LLN0$GO$gcb_1,1100,QUTZS_XFMR2PIOC/LLN0$DS_XFMR,gcb_1,1725340843.71100,2,15,False,200,False,8,"[True, 0, True, 0, True, 0, False, 0]"
1725340853.976516,20:17:01:16:f0:23,01:0c:cd:01:0c:01,0x3101,146,QUTZS_XFMR1PIOC/LLN0$GO$gcb_1,1100,QUTZS_XFMR1PIOC/LLN0$DS_XFMR,gcb_1,1725340822.87200,1,33,False,200,False,8,"[False, 0, True, 0, False, 0, True, 0]"
1725340854.099045,20:17:01:16:f0:11,01:0c:cd:01:0c:03,0x3103,165,QUTZS_FDRPIOC/LLN0$GO$gcb_1,1100,QUTZS_FDRPIOC/LLN0$DS_FDR,gcb_1,1725340823.38700,1,33,False,200,False,14,"[False, 0, True, 0, False, 0, False, 0, False, 0, False, 0, False, 0]"
1725340854.353780,20:17:01:16:f0:32,01:0c:cd:01:0c:02,0x3102,146,QUTZS_XFMR2PIOC/LLN0$GO$gcb_1,1100,QUTZS_XFMR2PIOC/LLN0$DS_XFMR,gcb_1,1725340843.71100,2,16,False,200,False,8,"[True, 0, True, 0, True, 0, False, 0]"
1725340854.919789,20:17:01:16:f0:23,01:0c:cd:01:0c:01,0x3101,146,QUTZS_XFMR1PIOC/LLN0$GO$gcb_1,1100,QUTZS_XFMR1PIOC/LLN0$DS_XFMR,gcb_1,1725340822.87200,1,34,False,200,False,8,"[False, 0, True, 0, False, 0, True, 0]"
1725340855.028008,20:17:01:16:f0:11,01:0c:cd:01:0c:03,0x3103,165,QUTZS_FDRPIOC/LLN0$GO$gcb_1,1100,QUTZS_FDRPIOC/LLN0$DS_FDR,gcb_1,1725340823.38700,1,34,False,200,False,14,"[False, 0, True, 0, False, 0, False, 0, False, 0, False, 0, False, 0]"
1725340855.290430,20:17:01:16:f0:32,01:0c:cd:01:0c:02,0x3102,146,QUTZS_XFMR2PIOC/LLN0$GO$gcb_1,1100,QUTZS_XFMR2PIOC/LLN0$DS_XFMR,gcb_1,1725340843.71100,2,17,False,200,False,8,"[True, 0, True, 0, True, 0, False, 0]"
1725340855.859430,20:17:01:16:f0:23,01:0c:cd:01:0c:01,0x3101,146,QUTZS_XFMR1PIOC/LLN0$GO$gcb_1,1100,QUTZS_XFMR1PIOC/LLN0$DS_XFMR,gcb_1,1725340822.87200,1,35,False,200,False,8,"[False, 0, True, 0, False, 0, True, 0]"
1725340855.953025,20:17:01:16:f0:11,01:0c:cd:01:0c:03,0x3103,165,QUTZS_FDRPIOC/LLN0$GO$gcb_1,1100,QUTZS_FDRPIOC/LLN0$DS_FDR,gcb_1,1725340823.38700,1,35,False,200,False,14,"[False, 0, True, 0, False, 0, False, 0, False, 0, False, 0, False, 0]"
1725340856.218030,20:17:01:16:f0:32,01:0c:cd:01:0c:02,0x3102,146,QUTZS_XFMR2PIOC/LLN0$GO$gcb_1,1100,QUTZS_XFMR2PIOC/LLN0$DS_XFMR,gcb_1,1725340843.71100,2,18,False,200,False,8,"[True, 0, True, 0, True, 0, False, 0]"
1725340856.807287,20:17:01:16:f0:23,01:0c:cd:01:0c:01,0x3101,146,QUTZS_XFMR1PIOC/LLN0$GO$gcb_1,1100,QUTZS_XFMR1PIOC/LLN0$DS_XFMR,gcb_1,1725340822.87200,1,36,False,200,False,8,"[False, 0, True, 0, False, 0, True, 0]"
1725340856.862697,20:17:01:16:f0:11,01:0c:cd:01:0c:03,0x3103,165,QUTZS_FDRPIOC/LLN0$GO$gcb_1,1100,QUTZS_FDRPIOC/LLN0$DS_FDR,gcb_1,1725340823.38700,1,36,False,200,False,14,"[False, 0, True, 0, False, 0, False, 0, False, 0, False, 0, False, 0]"
1725340857.141857,20:17:01:16:f0:32,01:0c:cd:01:0c:02,0x3102,146,QUTZS_XFMR2PIOC/LLN0$GO$gcb_1,1100,QUTZS_XFMR2PIOC/LLN0$DS_XFMR,gcb_1,1725340843.71100,2,19,False,200,False,8,"[True, 0, True, 0, True, 0, False, 0]"
1725340857.745659,20:17:01:16:f0:23,01:0c:cd:01:0c:01,0x3101,146,QUTZS_XFMR1PIOC/LLN0$GO$gcb_1,1100,QUTZS_XFMR1PIOC/LLN0$DS_XFMR,gcb_1,1725340822.87200,1,37,False,200,False,8,"[False, 0, True, 0, False, 0, True, 0]"
1725340857.800026,20:17:01:16:f0:11,01:0c:cd:01:0c:03,0x3103,165,QUTZS_FDRPIOC/LLN0$GO$gcb_1,1100,QUTZS_FDRPIOC/LLN0$DS_FDR,gcb_1,1725340823.38700,1,37,False,200,False,14,"[False, 0, True, 0, False, 0, False, 0, False, 0, False, 0, False, 0]"
1725340858.065974,20:17:01:16:f0:32,01:0c:cd:01:0c:02,0x3102,146,QUTZS_XFMR2PIOC/LLN0$GO$gcb_1,1100,QUTZS_XFMR2PIOC/LLN0$DS_XFMR,gcb_1,1725340843.71100,2,20,False,200,False,8,"[True, 0, True, 0, True, 0, False, 0]"
1725340858.680300,20:17:01:16:f0:23,01:0c:cd:01:0c:01,0x3101,146,QUTZS_XFMR1PIOC/LLN0$GO$gcb_1,1100,QUTZS_XFMR1PIOC/LLN0$DS_XFMR,gcb_1,1725340822.87200,1,38,False,200,False,8,"[False, 0, True, 0, False, 0, True, 0]"
1725340858.710277,20:17:01:16:f0:11,01:0c:cd:01:0c:03,0x3103,165,QUTZS_FDRPIOC/LLN0$GO$gcb_1,1100,QUTZS_FDRPIOC/LLN0$DS_FDR,gcb_1,1725340823.38700,1,38,False,200,False,14,"[False, 0, True, 0, False, 0, False, 0, False, 0, False, 0, False, 0]"
1725340858.990887,20:17:01:16:f0:32,01:0c:cd:01:0c:02,0x3102,146,QUTZS_XFMR2PIOC/LLN0$GO$gcb_1,1100,QUTZS_XFMR2PIOC/LLN0$DS_XFMR,gcb_1,1725340843.71100,2,21,False,200,False,8,"[True, 0, True, 0, True, 0, False, 0]"
1725340859.641523,20:17:01:16:f0:23,01:0c:cd:01:0c:01,0x3101,146,QUTZS_XFMR1PIOC/LLN0$GO$gcb_1,1100,QUTZS_XFMR1PIOC/LLN0$DS_XFMR,gcb_1,1725340822.87200,1,39,False,200,False,8,"[False, 0, True, 0, False, 0, True, 0]"
1725340859.645180,20:17:01:16:f0:11,01:0c:cd:01:0c:03,0x3103,165,QUTZS_FDRPIOC/LLN0$GO$gcb_1,1100,QUTZS_FDRPIOC/LLN0$DS_FDR,gcb_1,1725340823.38700,1,39,False,200,False,14,"[False, 0, True, 0, False, 0, False, 0, False, 0, False, 0, False, 0]"
1725340859.925754,20:17:01:16:f0:32,01:0c:cd:01:0c:02,0x3102,146,QUTZS_XFMR2PIOC/LLN0$GO$gcb_1,1100,QUTZS_XFMR2PIOC/LLN0$DS_XFMR,gcb_1,1725340843.71100,2,22,False,200,False,8,"[True, 0, True, 0, True, 0, False, 0]"
1725340860.560145,20:17:01:16:f0:11,01:0c:cd:01:0c:03,0x3103,165,QUTZS_FDRPIOC/LLN0$GO$gcb_1,1100,QUTZS_FDRPIOC/LLN0$DS_FDR,gcb_1,1725340823.38700,1,40,False,200,False,14,"[False, 0, True, 0, False, 0, False, 0, False, 0, False, 0, False, 0]"
1725340860.570947,20:17:01:16:f0:23,01:0c:cd:01:0c:01,0x3101,146,QUTZS_XFMR1PIOC/LLN0$GO$gcb_1,1100,QUTZS_XFMR1PIOC/LLN0$DS_XFMR,gcb_1,1725340822.87200,1,40,False,200,False,8,"[False, 0, True, 0, False, 0, True, 0]"
1725340860.844985,20:17:01:16:f0:32,01:0c:cd:01:0c:02,0x3102,146,QUTZS_XFMR2PIOC/LLN0$GO$gcb_1,1100,QUTZS_XFMR2PIOC/LLN0$DS_XFMR,gcb_1,1725340843.71100,2,23,False,200,False,8,"[True, 0, True, 0, True, 0, False, 0]"
1725340861.494607,20:17:01:16:f0:11,01:0c:cd:01:0c:03,0x3103,165,QUTZS_FDRPIOC/LLN0$GO$gcb_1,1100,QUTZS_FDRPIOC/LLN0$DS_FDR,gcb_1,1725340823.38700,1,41,False,200,False,14,"[False, 0, True, 0, False, 0, False, 0, False, 0, False, 0, False, 0]"
1725340861.506739,20:17:01:16:f0:23,01:0c:cd:01:0c:01,0x3101,146,QUTZS_XFMR1PIOC/LLN0$GO$gcb_1,1100,QUTZS_XFMR1PIOC/LLN0$DS_XFMR,gcb_1,1725340822.87200,1,41,False,200,False,8,"[False, 0, True, 0, False, 0, True, 0]"
1725340861.768834,20:17:01:16:f0:32,01:0c:cd:01:0c:02,0x3102,146,QUTZS_XFMR2PIOC/LLN0$GO$gcb_1,1100,QUTZS_XFMR2PIOC/LLN0$DS_XFMR,gcb_1,1725340843.71100,2,24,False,200,False,8,"[True, 0, True, 0, True, 0, False, 0]"
1725340862.409925,20:17:01:16:f0:11,01:0c:cd:01:0c:03,0x3103,165,QUTZS_FDRPIOC/LLN0$GO$gcb_1,1100,QUTZS_FDRPIOC/LLN0$DS_FDR,gcb_1,1725340823.38700,1,42,False,200,False,14,"[False, 0, True, 0, False, 0, False, 0, False, 0, False, 0, False, 0]"
1725340862.443706,20:17:01:16:f0:23,01:0c:cd:01:0c:01,0x3101,146,QUTZS_XFMR1PIOC/LLN0$GO$gcb_1,1100,QUTZS_XFMR1PIOC/LLN0$DS_XFMR,gcb_1,1725340822.87200,1,42,False,200,False,8,"[False, 0, True, 0, False, 0, True, 0]"
1725340862.680352,20:17:01:16:f0:32,01:0c:cd:01:0c:02,0x3102,146,QUTZS_XFMR2PIOC/LLN0$GO$gcb_1,1100,QUTZS_XFMR2PIOC/LLN0$DS_XFMR,gcb_1,1725340843.71100,2,25,False,200,False,8,"[True, 0, True, 0, True, 0, False, 0]"
1725340863.336997,20:17:01:16:f0:11,01:0c:cd:01:0c:03,0x3103,165,QUTZS_FDRPIOC/LLN0$GO$gcb_1,1100,QUTZS_FDRPIOC/LLN0$DS_FDR,gcb_1,1725340823.38700,1,43,False,200,False,14,"[False, 0, True, 0, False, 0, False, 0, False, 0, False, 0, False, 0]"
1725340863.370261,20:17:01:16:f0:23,01:0c:cd:01:0c:01,0x3101,146,QUTZS_XFMR1PIOC/LLN0$GO$gcb_1,1100,QUTZS_XFMR1PIOC/LLN0$DS_XFMR,gcb_1,1725340822.87200,1,43,False,200,False,8,"[False, 0, True, 0, False, 0, True, 0]"
1725340863.610492,20:17:01:16:f0:32,01:0c:cd:01:0c:02,0x3102,146,QUTZS_XFMR2PIOC/LLN0$GO$gcb_1,1100,QUTZS_XFMR2PIOC/LLN0$DS_XFMR,gcb_1,1725340843.71100,2,26,False,200,False,8,"[True, 0, True, 0, True, 0, False, 0]"
1725340864.263750,20:17:01:16:f0:11,01:0c:cd:01:0c:03,0x3103,165,QUTZS_FDRPIOC/LLN0$GO$gcb_1,1100,QUTZS_FDRPIOC/LLN0$DS_FDR,gcb_1,1725340823.38700,1,44,False,200,False,14,"[False, 0, True, 0, False, 0, False, 0, False, 0, False, 0, False, 0]"
1725340864.309533,20:17:01:16:f0:23,01:0c:cd:01:0c:01,0x3101,146,QUTZS_XFMR1PIOC/LLN0$GO$gcb_1,1100,QUTZS_XFMR1PIOC/LLN0$DS_XFMR,gcb_1,1725340822.87200,1,44,False,200,False,8,"[False, 0, True, 0, False, 0, True, 0]"
1725340864.543142,20:17:01:16:f0:32,01:0c:cd:01:0c:02,0x3102,146,QUTZS_XFMR2PIOC/LLN0$GO$gcb_1,1100,QUTZS_XFMR2PIOC/LLN0$DS_XFMR,gcb_1,1725340843.71100,2,27,False,200,False,8,"[True, 0, True, 0, True, 0, False, 0]"
1725340865.181422,20:17:01:16:f0:11,01:0c:cd:01:0c:03,0x3103,165,QUTZS_FDRPIOC/LLN0$GO$gcb_1,1100,QUTZS_FDRPIOC/LLN0$DS_FDR,gcb_1,1725340823.38700,1,45,False,200,False,14,"[False, 0, True, 0, False, 0, False, 0, False, 0, False, 0, False, 0]"
1725340865.231829,20:17:01:16:f0:23,01:0c:cd:01:0c:01,0x3101,146,QUTZS_XFMR1PIOC/LLN0$GO$gcb_1,1100,QUTZS_XFMR1PIOC/LLN0$DS_XFMR,gcb_1,1725340822.87200,1,45,False,200,False,8,"[False, 0, True, 0, False, 0, True, 0]"
1725340865.463009,20:17:01:16:f0:32,01:0c:cd:01:0c:02,0x3102,146,QUTZS_XFMR2PIOC/LLN0$GO$gcb_1,1100,QUTZS_XFMR2PIOC/LLN0$DS_XFMR,gcb_1,1725340843.71100,2,28,False,200,False,8,"[True, 0, True, 0, True, 0, False, 0]"
1725340866.104861,20:17:01:16:f0:11,01:0c:cd:01:0c:03,0x3103,165,QUTZS_FDRPIOC/LLN0$GO$gcb_1,1100,QUTZS_FDRPIOC/LLN0$DS_FDR,gcb_1,1725340823.38700,1,46,False,200,False,14,"[False, 0, True, 0, False, 0, False, 0, False, 0, False, 0, False, 0]"
1725340866.181055,20:17:01:16:f0:23,01:0c:cd:01:0c:01,0x3101,146,QUTZS_XFMR1PIOC/LLN0$GO$gcb_1,1100,QUTZS_XFMR1PIOC/LLN0$DS_XFMR,gcb_1,1725340822.87200,1,46,False,200,False,8,"[False, 0, True, 0, False, 0, True, 0]"
1725340866.382140,20:17:01:16:f0:32,01:0c:cd:01:0c:02,0x3102,146,QUTZS_XFMR2PIOC/LLN0$GO$gcb_1,1100,QUTZS_XFMR2PIOC/LLN0$DS_XFMR,gcb_1,1725340843.71100,2,29,False,200,False,8,"[True, 0, True, 0, True, 0, False, 0]"
1725340867.029107,20:17:01:16:f0:11,01:0c:cd:01:0c:03,0x3103,165,QUTZS_FDRPIOC/LLN0$GO$gcb_1,1100,QUTZS_FDRPIOC/LLN0$DS_FDR,gcb_1,1725340823.38700,1,47,False,200,False,14,"[False, 0, True, 0, False, 0, False, 0, False, 0, False, 0, False, 0]"
1725340867.114215,20:17:01:16:f0:23,01:0c:cd:01:0c:01,0x3101,146,QUTZS_XFMR1PIOC/LLN0$GO$gcb_1,1100,QUTZS_XFMR1PIOC/LLN0$DS_XFMR,gcb_1,1725340822.87200,1,47,False,200,False,8,"[False, 0, True, 0, False, 0, True, 0]"
1725340867.300153,20:17:01:16:f0:32,01:0c:cd:01:0c:02,0x3102,146,QUTZS_XFMR2PIOC/LLN0$GO$gcb_1,1100,QUTZS_XFMR2PIOC/LLN0$DS_XFMR,gcb_1,1725340843.71100,2,30,False,200,False,8,"[True, 0, True, 0, True, 0, False, 0]"
1725340867.952202,20:17:01:16:f0:11,01:0c:cd:01:0c:03,0x3103,165,QUTZS_FDRPIOC/LLN0$GO$gcb_1,1100,QUTZS_FDRPIOC/LLN0$DS_FDR,gcb_1,1725340823.38700,1,48,False,200,False,14,"[False, 0, True, 0, False, 0, False, 0, False, 0, False, 0, False, 0]"
1725340868.058285,20:17:01:16:f0:23,01:0c:cd:01:0c:01,0x3101,146,QUTZS_XFMR1PIOC/LLN0$GO$gcb_1,1100,QUTZS_XFMR1PIOC/LLN0$DS_XFMR,gcb_1,1725340822.87200,1,48,False,200,False,8,"[False, 0, True, 0, False, 0, True, 0]"
1725340868.225076,20:17:01:16:f0:32,01:0c:cd:01:0c:02,0x3102,146,QUTZS_XFMR2PIOC/LLN0$GO$gcb_1,1100,QUTZS_XFMR2PIOC/LLN0$DS_XFMR,gcb_1,1725340843.71100,2,31,False,200,False,8,"[True, 0, True, 0, True, 0, False, 0]"
1725340868.887868,20:17:01:16:f0:11,01:0c:cd:01:0c:03,0x3103,165,QUTZS_FDRPIOC/LLN0$GO$gcb_1,1100,QUTZS_FDRPIOC/LLN0$DS_FDR,gcb_1,1725340823.38700,1,49,False,200,False,14,"[False, 0, True, 0, False, 0, False, 0, False, 0, False, 0, False, 0]"
1725340869.001121,20:17:01:16:f0:23,01:0c:cd:01:0c:01,0x3101,146,QUTZS_XFMR1PIOC/LLN0$GO$gcb_1,1100,QUTZS_XFMR1PIOC/LLN0$DS_XFMR,gcb_1,1725340822.87200,1,49,False,200,False,8,"[False, 0, True, 0, False, 0, True, 0]"
1725340869.144677,20:17:01:16:f0:32,01:0c:cd:01:0c:02,0x3102,146,QUTZS_XFMR2PIOC/LLN0$GO$gcb_1,1100,QUTZS_XFMR2PIOC/LLN0$DS_XFMR,gcb_1,1725340843.71100,2,32,False,200,False,8,"[True, 0, True, 0, True, 0, False, 0]"
1725340869.802902,20:17:01:16:f0:11,01:0c:cd:01:0c:03,0x3103,165,QUTZS_FDRPIOC/LLN0$GO$gcb_1,1100,QUTZS_FDRPIOC/LLN0$DS_FDR,gcb_1,1725340823.38700,1,50,False,200,False,14,"[False, 0, True, 0, False, 0, False, 0, False, 0, False, 0, False, 0]"
1725340869.936268,20:17:01:16:f0:23,01:0c:cd:01:0c:01,0x3101,146,QUTZS_XFMR1PIOC/LLN0$GO$gcb_1,1100,QUTZS_XFMR1PIOC/LLN0$DS_XFMR,gcb_1,1725340822.87200,1,50,False,200,False,8,"[False, 0, True, 0, False, 0, True, 0]"
1725340870.070848,20:17:01:16:f0:32,01:0c:cd:01:0c:02,0x3102,146,QUTZS_XFMR2PIOC/LLN0$GO$gcb_1,1100,QUTZS_XFMR2PIOC/LLN0$DS_XFMR,gcb_1,1725340843.71100,2,33,False,200,False,8,"[True, 0, True, 0, True, 0, False, 0]"
1725340870.744053,20:17:01:16:f0:11,01:0c:cd:01:0c:03,0x3103,165,QUTZS_FDRPIOC/LLN0$GO$gcb_1,1100,QUTZS_FDRPIOC/LLN0$DS_FDR,gcb_1,1725340823.38700,1,51,False,200,False,14,"[False, 0, True, 0, False, 0, False, 0, False, 0, False, 0, False, 0]"
1725340870.871700,20:17:01:16:f0:23,01:0c:cd:01:0c:01,0x3101,146,QUTZS_XFMR1PIOC/LLN0$GO$gcb_1,1100,QUTZS_XFMR1PIOC/LLN0$DS_XFMR,gcb_1,1725340822.87200,1,51,False,200,False,8,"[False, 0, True, 0, False, 0, True, 0]"
1725340870.998609,20:17:01:16:f0:32,01:0c:cd:01:0c:02,0x3102,146,QUTZS_XFMR2PIOC/LLN0$GO$gcb_1,1100,QUTZS_XFMR2PIOC/LLN0$DS_XFMR,gcb_1,1725340843.71100,2,34,False,200,False,8,"[True, 0, True, 0, True, 0, False, 0]"
1725340871.663559,20:17:01:16:f0:11,01:0c:cd:01:0c:03,0x3103,165,QUTZS_FDRPIOC/LLN0$GO$gcb_1,1100,QUTZS_FDRPIOC/LLN0$DS_FDR,gcb_1,1725340823.38700,1,52,False,200,False,14,"[False, 0, True, 0, False, 0, False, 0, False, 0, False, 0, False, 0]"
1725340871.795525,20:17:01:16:f0:23,01:0c:cd:01:0c:01,0x3101,146,QUTZS_XFMR1PIOC/LLN0$GO$gcb_1,1100,QUTZS_XFMR1PIOC/LLN0$DS_XFMR,gcb_1,1725340822.87200,1,52,False,200,False,8,"[False, 0, True, 0, False, 0, True, 0]"
1725340871.939624,20:17:01:16:f0:32,01:0c:cd:01:0c:02,0x3102,146,QUTZS_XFMR2PIOC/LLN0$GO$gcb_1,1100,QUTZS_XFMR2PIOC/LLN0$DS_XFMR,gcb_1,1725340843.71100,2,35,False,200,False,8,"[True, 0, True, 0, True, 0, False, 0]"
1725340872.581937,20:17:01:16:f0:11,01:0c:cd:01:0c:03,0x3103,165,QUTZS_FDRPIOC/LLN0$GO$gcb_1,1100,QUTZS_FDRPIOC/LLN0$DS_FDR,gcb_1,1725340823.38700,1,53,False,200,False,14,"[False, 0, True, 0, False, 0, False, 0, False, 0, False, 0, False, 0]"
1725340872.723103,20:17:01:16:f0:23,01:0c:cd:01:0c:01,0x3101,146,QUTZS_XFMR1PIOC/LLN0$GO$gcb_1,1100,QUTZS_XFMR1PIOC/LLN0$DS_XFMR,gcb_1,1725340822.87200,1,53,False,200,False,8,"[False, 0, True, 0, False, 0, True, 0]"
1725340872.880830,20:17:01:16:f0:32,01:0c:cd:01:0c:02,0x3102,146,QUTZS_XFMR2PIOC/LLN0$GO$gcb_1,1100,QUTZS_XFMR2PIOC/LLN0$DS_XFMR,gcb_1,1725340843.71100,2,36,False,200,False,8,"[True, 0, True, 0, True, 0, False, 0]"
1725340873.504706,20:17:01:16:f0:11,01:0c:cd:01:0c:03,0x3103,165,QUTZS_FDRPIOC/LLN0$GO$gcb_1,1100,QUTZS_FDRPIOC/LLN0$DS_FDR,gcb_1,1725340823.38700,1,54,False,200,False,14,"[False, 0, True, 0, False, 0, False, 0, False, 0, False, 0, False, 0]"
1725340873.656554,20:17:01:16:f0:23,01:0c:cd:01:0c:01,0x3101,146,QUTZS_XFMR1PIOC/LLN0$GO$gcb_1,1100,QUTZS_XFMR1PIOC/LLN0$DS_XFMR,gcb_1,1725340822.87200,1,54,False,200,False,8,"[False, 0, True, 0, False, 0, True, 0]"
1725340873.808479,20:17:01:16:f0:32,01:0c:cd:01:0c:02,0x3102,146,QUTZS_XFMR2PIOC/LLN0$GO$gcb_1,1100,QUTZS_XFMR2PIOC/LLN0$DS_XFMR,gcb_1,1725340843.71100,2,37,False,200,False,8,"[True, 0, True, 0, True, 0, False, 0]"
1725340874.425225,20:17:01:16:f0:11,01:0c:cd:01:0c:03,0x3103,165,QUTZS_FDRPIOC/LLN0$GO$gcb_1,1100,QUTZS_FDRPIOC/LLN0$DS_FDR,gcb_1,1725340823.38700,1,55,False,200,False,14,"[False, 0, True, 0, False, 0, False, 0, False, 0, False, 0, False, 0]"
1725340874.587826,20:17:01:16:f0:23,01:0c:cd:01:0c:01,0x3101,146,QUTZS_XFMR1PIOC/LLN0$GO$gcb_1,1100,QUTZS_XFMR1PIOC/LLN0$DS_XFMR,gcb_1,1725340822.87200,1,55,False,200,False,8,"[False, 0, True, 0, False, 0, True, 0]"
1725340874.739948,20:17:01:16:f0:32,01:0c:cd:01:0c:02,0x3102,146,QUTZS_XFMR2PIOC/LLN0$GO$gcb_1,1100,QUTZS_XFMR2PIOC/LLN0$DS_XFMR,gcb_1,1725340843.71100,2,38,False,200,False,8,"[True, 0, True, 0, True, 0, False, 0]"
1725340875.347330,20:17:01:16:f0:11,01:0c:cd:01:0c:03,0x3103,165,QUTZS_FDRPIOC/LLN0$GO$gcb_1,1100,QUTZS_FDRPIOC/LLN0$DS_FDR,gcb_1,1725340823.38700,1,56,False,200,False,14,"[False, 0, True, 0, False, 0, False, 0, False, 0, False, 0, False, 0]"
1725340875.527607,20:17:01:16:f0:23,01:0c:cd:01:0c:01,0x3101,146,QUTZS_XFMR1PIOC/LLN0$GO$gcb_1,1100,QUTZS_XFMR1PIOC/LLN0$DS_XFMR,gcb_1,1725340822.87200,1,56,False,200,False,8,"[False, 0, True, 0, False, 0, True, 0]"
1725340875.658409,20:17:01:16:f0:32,01:0c:cd:01:0c:02,0x3102,146,QUTZS_XFMR2PIOC/LLN0$GO$gcb_1,1100,QUTZS_XFMR2PIOC/LLN0$DS_XFMR,gcb_1,1725340843.71100,2,39,False,200,False,8,"[True, 0, True, 0, True, 0, False, 0]"
1725340876.269480,20:17:01:16:f0:11,01:0c:cd:01:0c:03,0x3103,165,QUTZS_FDRPIOC/LLN0$GO$gcb_1,1100,QUTZS_FDRPIOC/LLN0$DS_FDR,gcb_1,1725340823.38700,1,57,False,200,False,14,"[False, 0, True, 0, False, 0, False, 0, False, 0, False, 0, False, 0]"
1725340876.465632,20:17:01:16:f0:23,01:0c:cd:01:0c:01,0x3101,146,QUTZS_XFMR1PIOC/LLN0$GO$gcb_1,1100,QUTZS_XFMR1PIOC/LLN0$DS_XFMR,gcb_1,1725340822.87200,1,57,False,200,False,8,"[False, 0, True, 0, False, 0, True, 0]"
1725340876.586234,20:17:01:16:f0:32,01:0c:cd:01:0c:02,0x3102,146,QUTZS_XFMR2PIOC/LLN0$GO$gcb_1,1100,QUTZS_XFMR2PIOC/LLN0$DS_XFMR,gcb_1,1725340843.71100,2,40,False,200,False,8,"[True, 0, True, 0, True, 0, False, 0]"
1725340877.189878,20:17:01:16:f0:11,01:0c:cd:01:0c:03,0x3103,165,QUTZS_FDRPIOC/LLN0$GO$gcb_1,1100,QUTZS_FDRPIOC/LLN0$DS_FDR,gcb_1,1725340823.38700,1,58,False,200,False,14,"[False, 0, True, 0, False, 0, False, 0, False, 0, False, 0, False, 0]"
1725340877.396087,20:17:01:16:f0:23,01:0c:cd:01:0c:01,0x3101,146,QUTZS_XFMR1PIOC/LLN0$GO$gcb_1,1100,QUTZS_XFMR1PIOC/LLN0$DS_XFMR,gcb_1,1725340822.87200,1,58,False,200,False,8,"[False, 0, True, 0, False, 0, True, 0]"
1725340877.520836,20:17:01:16:f0:32,01:0c:cd:01:0c:02,0x3102,146,QUTZS_XFMR2PIOC/LLN0$GO$gcb_1,1100,QUTZS_XFMR2PIOC/LLN0$DS_XFMR,gcb_1,1725340843.71100,2,41,False,200,False,8,"[True, 0, True, 0, True, 0, False, 0]"
1725340878.107873,20:17:01:16:f0:11,01:0c:cd:01:0c:03,0x3103,165,QUTZS_FDRPIOC/LLN0$GO$gcb_1,1100,QUTZS_FDRPIOC/LLN0$DS_FDR,gcb_1,1725340823.38700,1,59,False,200,False,14,"[False, 0, True, 0, False, 0, False, 0, False, 0, False, 0, False, 0]"
1725340878.331432,20:17:01:16:f0:23,01:0c:cd:01:0c:01,0x3101,146,QUTZS_XFMR1PIOC/LLN0$GO$gcb_1,1100,QUTZS_XFMR1PIOC/LLN0$DS_XFMR,gcb_1,1725340822.87200,1,59,False,200,False,8,"[False, 0, True, 0, False, 0, True, 0]"
1725340878.443202,20:17:01:16:f0:32,01:0c:cd:01:0c:02,0x3102,146,QUTZS_XFMR2PIOC/LLN0$GO$gcb_1,1100,QUTZS_XFMR2PIOC/LLN0$DS_XFMR,gcb_1,1725340843.71100,2,42,False,200,False,8,"[True, 0, True, 0, True, 0, False, 0]"
1725340879.026690,20:17:01:16:f0:11,01:0c:cd:01:0c:03,0x3103,165,QUTZS_FDRPIOC/LLN0$GO$gcb_1,1100,QUTZS_FDRPIOC/LLN0$DS_FDR,gcb_1,1725340823.38700,1,60,False,200,False,14,"[False, 0, True, 0, False, 0, False, 0, False, 0, False, 0, False, 0]"
1725340879.263664,20:17:01:16:f0:23,01:0c:cd:01:0c:01,0x3101,146,QUTZS_XFMR1PIOC/LLN0$GO$gcb_1,1100,QUTZS_XFMR1PIOC/LLN0$DS_XFMR,gcb_1,1725340822.87200,1,60,False,200,False,8,"[False, 0, True, 0, False, 0, True, 0]"
1725340879.360531,20:17:01:16:f0:32,01:0c:cd:01:0c:02,0x3102,146,QUTZS_XFMR2PIOC/LLN0$GO$gcb_1,1100,QUTZS_XFMR2PIOC/LLN0$DS_XFMR,gcb_1,1725340843.71100,2,43,False,200,False,8,"[True, 0, True, 0, True, 0, False, 0]"
1725340879.950603,20:17:01:16:f0:11,01:0c:cd:01:0c:03,0x3103,165,QUTZS_FDRPIOC/LLN0$GO$gcb_1,1100,QUTZS_FDRPIOC/LLN0$DS_FDR,gcb_1,1725340823.38700,1,61,False,200,False,14,"[False, 0, True, 0, False, 0, False, 0, False, 0, False, 0, False, 0]"
1725340880.207265,20:17:01:16:f0:23,01:0c:cd:01:0c:01,0x3101,146,QUTZS_XFMR1PIOC/LLN0$GO$gcb_1,1100,QUTZS_XFMR1PIOC/LLN0$DS_XFMR,gcb_1,1725340822.87200,1,61,False,200,False,8,"[False, 0, True, 0, False, 0, True, 0]"
1725340880.275126,20:17:01:16:f0:32,01:0c:cd:01:0c:02,0x3102,146,QUTZS_XFMR2PIOC/LLN0$GO$gcb_1,1100,QUTZS_XFMR2PIOC/LLN0$DS_XFMR,gcb_1,1725340843.71100,2,44,False,200,False,8,"[True, 0, True, 0, True, 0, False, 0]"
1725340880.781402,20:17:01:16:f0:32,01:0c:cd:01:0c:02,0x3102,146,QUTZS_XFMR2PIOC/LLN0$GO$gcb_1,1100,QUTZS_XFMR2PIOC/LLN0$DS_XFMR,gcb_1,1725340880.66900,3,0,False,200,False,8,"[True, 0, False, 0, False, 0, True, 0]"
1725340880.782846,20:17:01:16:f0:32,01:0c:cd:01:0c:02,0x3102,146,QUTZS_XFMR2PIOC/LLN0$GO$gcb_1,1100,QUTZS_XFMR2PIOC/LLN0$DS_XFMR,gcb_1,1725340880.66900,3,1,False,200,False,8,"[True, 0, False, 0, False, 0, True, 0]"
1725340880.791403,20:17:01:16:f0:32,01:0c:cd:01:0c:02,0x3102,146,QUTZS_XFMR2PIOC/LLN0$GO$gcb_1,1100,QUTZS_XFMR2PIOC/LLN0$DS_XFMR,gcb_1,1725340880.66900,3,2,False,200,False,8,"[True, 0, False, 0, False, 0, True, 0]"
1725340880.805188,20:17:01:16:f0:32,01:0c:cd:01:0c:02,0x3102,146,QUTZS_XFMR2PIOC/LLN0$GO$gcb_1,1100,QUTZS_XFMR2PIOC/LLN0$DS_XFMR,gcb_1,1725340880.66900,3,3,False,200,False,8,"[True, 0, False, 0, False, 0, True, 0]"
1725340880.867633,20:17:01:16:f0:11,01:0c:cd:01:0c:03,0x3103,165,QUTZS_FDRPIOC/LLN0$GO$gcb_1,1100,QUTZS_FDRPIOC/LLN0$DS_FDR,gcb_1,1725340823.38700,1,62,False,200,False,14,"[False, 0, True, 0, False, 0, False, 0, False, 0, False, 0, False, 0]"
1725340880.872660,20:17:01:16:f0:32,01:0c:cd:01:0c:02,0x3102,146,QUTZS_XFMR2PIOC/LLN0$GO$gcb_1,1100,QUTZS_XFMR2PIOC/LLN0$DS_XFMR,gcb_1,1725340880.66900,3,4,False,200,False,8,"[True, 0, False, 0, False, 0, True, 0]"
1725340881.132986,20:17:01:16:f0:32,01:0c:cd:01:0c:02,0x3102,146,QUTZS_XFMR2PIOC/LLN0$GO$gcb_1,1100,QUTZS_XFMR2PIOC/LLN0$DS_XFMR,gcb_1,1725340880.66900,3,5,False,200,False,8,"[True, 0, False, 0, False, 0, True, 0]"
1725340881.159231,20:17:01:16:f0:23,01:0c:cd:01:0c:01,0x3101,146,QUTZS_XFMR1PIOC/LLN0$GO$gcb_1,1100,QUTZS_XFMR1PIOC/LLN0$DS_XFMR,gcb_1,1725340822.87200,1,62,False,200,False,8,"[False, 0, True, 0, False, 0, True, 0]"
1725340881.792283,20:17:01:16:f0:11,01:0c:cd:01:0c:03,0x3103,165,QUTZS_FDRPIOC/LLN0$GO$gcb_1,1100,QUTZS_FDRPIOC/LLN0$DS_FDR,gcb_1,1725340823.38700,1,63,False,200,False,14,"[False, 0, True, 0, False, 0, False, 0, False, 0, False, 0, False, 0]"
1725340882.048043,20:17:01:16:f0:32,01:0c:cd:01:0c:02,0x3102,146,QUTZS_XFMR2PIOC/LLN0$GO$gcb_1,1100,QUTZS_XFMR2PIOC/LLN0$DS_XFMR,gcb_1,1725340880.66900,3,6,False,200,False,8,"[True, 0, False, 0, False, 0, True, 0]"
1725340882.126725,20:17:01:16:f0:23,01:0c:cd:01:0c:01,0x3101,146,QUTZS_XFMR1PIOC/LLN0$GO$gcb_1,1100,QUTZS_XFMR1PIOC/LLN0$DS_XFMR,gcb_1,1725340822.87200,1,63,False,200,False,8,"[False, 0, True, 0, False, 0, True, 0]"
1725340882.708792,20:17:01:16:f0:11,01:0c:cd:01:0c:03,0x3103,165,QUTZS_FDRPIOC/LLN0$GO$gcb_1,1100,QUTZS_FDRPIOC/LLN0$DS_FDR,gcb_1,1725340823.38700,1,64,False,200,False,14,"[False, 0, True, 0, False, 0, False, 0, False, 0, False, 0, False, 0]"
1725340882.979835,20:17:01:16:f0:32,01:0c:cd:01:0c:02,0x3102,146,QUTZS_XFMR2PIOC/LLN0$GO$gcb_1,1100,QUTZS_XFMR2PIOC/LLN0$DS_XFMR,gcb_1,1725340880.66900,3,7,False,200,False,8,"[True, 0, False, 0, False, 0, True, 0]"
1725340883.060842,20:17:01:16:f0:23,01:0c:cd:01:0c:01,0x3101,146,QUTZS_XFMR1PIOC/LLN0$GO$gcb_1,1100,QUTZS_XFMR1PIOC/LLN0$DS_XFMR,gcb_1,1725340822.87200,1,64,False,200,False,8,"[False, 0, True, 0, False, 0, True, 0]"
1725340883.643300,20:17:01:16:f0:11,01:0c:cd:01:0c:03,0x3103,165,QUTZS_FDRPIOC/LLN0$GO$gcb_1,1100,QUTZS_FDRPIOC/LLN0$DS_FDR,gcb_1,1725340823.38700,1,65,False,200,False,14,"[False, 0, True, 0, False, 0, False, 0, False, 0, False, 0, False, 0]"
1725340883.897273,20:17:01:16:f0:32,01:0c:cd:01:0c:02,0x3102,146,QUTZS_XFMR2PIOC/LLN0$GO$gcb_1,1100,QUTZS_XFMR2PIOC/LLN0$DS_XFMR,gcb_1,1725340880.66900,3,8,False,200,False,8,"[True, 0, False, 0, False, 0, True, 0]"
1725340884.003460,20:17:01:16:f0:23,01:0c:cd:01:0c:01,0x3101,146,QUTZS_XFMR1PIOC/LLN0$GO$gcb_1,1100,QUTZS_XFMR1PIOC/LLN0$DS_XFMR,gcb_1,1725340822.87200,1,65,False,200,False,8,"[False, 0, True, 0, False, 0, True, 0]"
1725340884.558625,20:17:01:16:f0:11,01:0c:cd:01:0c:03,0x3103,165,QUTZS_FDRPIOC/LLN0$GO$gcb_1,1100,QUTZS_FDRPIOC/LLN0$DS_FDR,gcb_1,1725340823.38700,1,66,False,200,False,14,"[False, 0, True, 0, False, 0, False, 0, False, 0, False, 0, False, 0]"
1725340884.825456,20:17:01:16:f0:32,01:0c:cd:01:0c:02,0x3102,146,QUTZS_XFMR2PIOC/LLN0$GO$gcb_1,1100,QUTZS_XFMR2PIOC/LLN0$DS_XFMR,gcb_1,1725340880.66900,3,9,False,200,False,8,"[True, 0, False, 0, False, 0, True, 0]"
1725340884.967612,20:17:01:16:f0:23,01:0c:cd:01:0c:01,0x3101,146,QUTZS_XFMR1PIOC/LLN0$GO$gcb_1,1100,QUTZS_XFMR1PIOC/LLN0$DS_XFMR,gcb_1,1725340822.87200,1,66,False,200,False,8,"[False, 0, True, 0, False, 0, True, 0]"
1725340885.491186,20:17:01:16:f0:11,01:0c:cd:01:0c:03,0x3103,165,QUTZS_FDRPIOC/LLN0$GO$gcb_1,1100,QUTZS_FDRPIOC/LLN0$DS_FDR,gcb_1,1725340823.38700,1,67,False,200,False,14,"[False, 0, True, 0, False, 0, False, 0, False, 0, False, 0, False, 0]"
1725340885.746925,20:17:01:16:f0:32,01:0c:cd:01:0c:02,0x3102,146,QUTZS_XFMR2PIOC/LLN0$GO$gcb_1,1100,QUTZS_XFMR2PIOC/LLN0$DS_XFMR,gcb_1,1725340880.66900,3,10,False,200,False,8,"[True, 0, False, 0, False, 0, True, 0]"
1725340885.912903,20:17:01:16:f0:23,01:0c:cd:01:0c:01,0x3101,146,QUTZS_XFMR1PIOC/LLN0$GO$gcb_1,1100,QUTZS_XFMR1PIOC/LLN0$DS_XFMR,gcb_1,1725340822.87200,1,67,False,200,False,8,"[False, 0, True, 0, False, 0, True, 0]"
1725340886.414818,20:17:01:16:f0:11,01:0c:cd:01:0c:03,0x3103,165,QUTZS_FDRPIOC/LLN0$GO$gcb_1,1100,QUTZS_FDRPIOC/LLN0$DS_FDR,gcb_1,1725340823.38700,1,68,False,200,False,14,"[False, 0, True, 0, False, 0, False, 0, False, 0, False, 0, False, 0]"
1725340886.664645,20:17:01:16:f0:32,01:0c:cd:01:0c:02,0x3102,146,QUTZS_XFMR2PIOC/LLN0$GO$gcb_1,1100,QUTZS_XFMR2PIOC/LLN0$DS_XFMR,gcb_1,1725340880.66900,3,11,False,200,False,8,"[True, 0, False, 0, False, 0, True, 0]"
1725340886.859220,20:17:01:16:f0:23,01:0c:cd:01:0c:01,0x3101,146,QUTZS_XFMR1PIOC/LLN0$GO$gcb_1,1100,QUTZS_XFMR1PIOC/LLN0$DS_XFMR,gcb_1,1725340822.87200,1,68,False,200,False,8,"[False, 0, True, 0, False, 0, True, 0]"
1725340887.352225,20:17:01:16:f0:11,01:0c:cd:01:0c:03,0x3103,165,QUTZS_FDRPIOC/LLN0$GO$gcb_1,1100,QUTZS_FDRPIOC/LLN0$DS_FDR,gcb_1,1725340823.38700,1,69,False,200,False,14,"[False, 0, True, 0, False, 0, False, 0, False, 0, False, 0, False, 0]"
1725340887.591194,20:17:01:16:f0:32,01:0c:cd:01:0c:02,0x3102,146,QUTZS_XFMR2PIOC/LLN0$GO$gcb_1,1100,QUTZS_XFMR2PIOC/LLN0$DS_XFMR,gcb_1,1725340880.66900,3,12,False,200,False,8,"[True, 0, False, 0, False, 0, True, 0]"
1725340887.807558,20:17:01:16:f0:23,01:0c:cd:01:0c:01,0x3101,146,QUTZS_XFMR1PIOC/LLN0$GO$gcb_1,1100,QUTZS_XFMR1PIOC/LLN0$DS_XFMR,gcb_1,1725340822.87200,1,69,False,200,False,8,"[False, 0, True, 0, False, 0, True, 0]"
1725340888.283091,20:17:01:16:f0:11,01:0c:cd:01:0c:03,0x3103,165,QUTZS_FDRPIOC/LLN0$GO$gcb_1,1100,QUTZS_FDRPIOC/LLN0$DS_FDR,gcb_1,1725340823.38700,1,70,False,200,False,14,"[False, 0, True, 0, False, 0, False, 0, False, 0, False, 0, False, 0]"
1725340888.519532,20:17:01:16:f0:32,01:0c:cd:01:0c:02,0x3102,146,QUTZS_XFMR2PIOC/LLN0$GO$gcb_1,1100,QUTZS_XFMR2PIOC/LLN0$DS_XFMR,gcb_1,1725340880.66900,3,13,False,200,False,8,"[True, 0, False, 0, False, 0, True, 0]"
1725340888.781050,20:17:01:16:f0:23,01:0c:cd:01:0c:01,0x3101,146,QUTZS_XFMR1PIOC/LLN0$GO$gcb_1,1100,QUTZS_XFMR1PIOC/LLN0$DS_XFMR,gcb_1,1725340822.87200,1,70,False,200,False,8,"[False, 0, True, 0, False, 0, True, 0]"
1725340889.205608,20:17:01:16:f0:11,01:0c:cd:01:0c:03,0x3103,165,QUTZS_FDRPIOC/LLN0$GO$gcb_1,1100,QUTZS_FDRPIOC/LLN0$DS_FDR,gcb_1,1725340823.38700,1,71,False,200,False,14,"[False, 0, True, 0, False, 0, False, 0, False, 0, False, 0, False, 0]"
1725340889.448709,20:17:01:16:f0:32,01:0c:cd:01:0c:02,0x3102,146,QUTZS_XFMR2PIOC/LLN0$GO$gcb_1,1100,QUTZS_XFMR2PIOC/LLN0$DS_XFMR,gcb_1,1725340880.66900,3,14,False,200,False,8,"[True, 0, False, 0, False, 0, True, 0]"
1725340889.751859,20:17:01:16:f0:23,01:0c:cd:01:0c:01,0x3101,146,QUTZS_XFMR1PIOC/LLN0$GO$gcb_1,1100,QUTZS_XFMR1PIOC/LLN0$DS_XFMR,gcb_1,1725340822.87200,1,71,False,200,False,8,"[False, 0, True, 0, False, 0, True, 0]"
1725340890.133915,20:17:01:16:f0:11,01:0c:cd:01:0c:03,0x3103,165,QUTZS_FDRPIOC/LLN0$GO$gcb_1,1100,QUTZS_FDRPIOC/LLN0$DS_FDR,gcb_1,1725340823.38700,1,72,False,200,False,14,"[False, 0, True, 0, False, 0, False, 0, False, 0, False, 0, False, 0]"
1725340890.395029,20:17:01:16:f0:32,01:0c:cd:01:0c:02,0x3102,146,QUTZS_XFMR2PIOC/LLN0$GO$gcb_1,1100,QUTZS_XFMR2PIOC/LLN0$DS_XFMR,gcb_1,1725340880.66900,3,15,False,200,False,8,"[True, 0, False, 0, False, 0, True, 0]"
1725340890.695120,20:17:01:16:f0:23,01:0c:cd:01:0c:01,0x3101,146,QUTZS_XFMR1PIOC/LLN0$GO$gcb_1,1100,QUTZS_XFMR1PIOC/LLN0$DS_XFMR,gcb_1,1725340822.87200,1,72,False,200,False,8,"[False, 0, True, 0, False, 0, True, 0]"
1725340891.053705,20:17:01:16:f0:11,01:0c:cd:01:0c:03,0x3103,165,QUTZS_FDRPIOC/LLN0$GO$gcb_1,1100,QUTZS_FDRPIOC/LLN0$DS_FDR,gcb_1,1725340823.38700,1,73,False,200,False,14,"[False, 0, True, 0, False, 0, False, 0, False, 0, False, 0, False, 0]"
1725340891.309473,20:17:01:16:f0:32,01:0c:cd:01:0c:02,0x3102,146,QUTZS_XFMR2PIOC/LLN0$GO$gcb_1,1100,QUTZS_XFMR2PIOC/LLN0$DS_XFMR,gcb_1,1725340880.66900,3,16,False,200,False,8,"[True, 0, False, 0, False, 0, True, 0]"
1725340891.618787,20:17:01:16:f0:23,01:0c:cd:01:0c:01,0x3101,146,QUTZS_XFMR1PIOC/LLN0$GO$gcb_1,1100,QUTZS_XFMR1PIOC/LLN0$DS_XFMR,gcb_1,1725340822.87200,1,73,False,200,False,8,"[False, 0, True, 0, False, 0, True, 0]"
1725340891.983840,20:17:01:16:f0:11,01:0c:cd:01:0c:03,0x3103,165,QUTZS_FDRPIOC/LLN0$GO$gcb_1,1100,QUTZS_FDRPIOC/LLN0$DS_FDR,gcb_1,1725340823.38700,1,74,False,200,False,14,"[False, 0, True, 0, False, 0, False, 0, False, 0, False, 0, False, 0]"
1725340892.243837,20:17:01:16:f0:32,01:0c:cd:01:0c:02,0x3102,146,QUTZS_XFMR2PIOC/LLN0$GO$gcb_1,1100,QUTZS_XFMR2PIOC/LLN0$DS_XFMR,gcb_1,1725340880.66900,3,17,False,200,False,8,"[True, 0, False, 0, False, 0, True, 0]"
1725340892.559339,20:17:01:16:f0:23,01:0c:cd:01:0c:01,0x3101,146,QUTZS_XFMR1PIOC/LLN0$GO$gcb_1,1100,QUTZS_XFMR1PIOC/LLN0$DS_XFMR,gcb_1,1725340822.87200,1,74,False,200,False,8,"[False, 0, True, 0, False, 0, True, 0]"
1725340892.900017,20:17:01:16:f0:11,01:0c:cd:01:0c:03,0x3103,165,QUTZS_FDRPIOC/LLN0$GO$gcb_1,1100,QUTZS_FDRPIOC/LLN0$DS_FDR,gcb_1,1725340823.38700,1,75,False,200,False,14,"[False, 0, True, 0, False, 0, False, 0, False, 0, False, 0, False, 0]"
1725340893.154294,20:17:01:16:f0:32,01:0c:cd:01:0c:02,0x3102,146,QUTZS_XFMR2PIOC/LLN0$GO$gcb_1,1100,QUTZS_XFMR2PIOC/LLN0$DS_XFMR,gcb_1,1725340880.66900,3,18,False,200,False,8,"[True, 0, False, 0, False, 0, True, 0]"
1725340893.498886,20:17:01:16:f0:23,01:0c:cd:01:0c:01,0x3101,146,QUTZS_XFMR1PIOC/LLN0$GO$gcb_1,1100,QUTZS_XFMR1PIOC/LLN0$DS_XFMR,gcb_1,1725340822.87200,1,75,False,200,False,8,"[False, 0, True, 0, False, 0, True, 0]"
1725340893.822659,20:17:01:16:f0:11,01:0c:cd:01:0c:03,0x3103,165,QUTZS_FDRPIOC/LLN0$GO$gcb_1,1100,QUTZS_FDRPIOC/LLN0$DS_FDR,gcb_1,1725340823.38700,1,76,False,200,False,14,"[False, 0, True, 0, False, 0, False, 0, False, 0, False, 0, False, 0]"
1725340894.093797,20:17:01:16:f0:32,01:0c:cd:01:0c:02,0x3102,146,QUTZS_XFMR2PIOC/LLN0$GO$gcb_1,1100,QUTZS_XFMR2PIOC/LLN0$DS_XFMR,gcb_1,1725340880.66900,3,19,False,200,False,8,"[True, 0, False, 0, False, 0, True, 0]"
1725340894.435319,20:17:01:16:f0:23,01:0c:cd:01:0c:01,0x3101,146,QUTZS_XFMR1PIOC/LLN0$GO$gcb_1,1100,QUTZS_XFMR1PIOC/LLN0$DS_XFMR,gcb_1,1725340822.87200,1,76,False,200,False,8,"[False, 0, True, 0, False, 0, True, 0]"
1725340894.757785,20:17:01:16:f0:11,01:0c:cd:01:0c:03,0x3103,165,QUTZS_FDRPIOC/LLN0$GO$gcb_1,1100,QUTZS_FDRPIOC/LLN0$DS_FDR,gcb_1,1725340823.38700,1,77,False,200,False,14,"[False, 0, True, 0, False, 0, False, 0, False, 0, False, 0, False, 0]"
1725340895.030572,20:17:01:16:f0:32,01:0c:cd:01:0c:02,0x3102,146,QUTZS_XFMR2PIOC/LLN0$GO$gcb_1,1100,QUTZS_XFMR2PIOC/LLN0$DS_XFMR,gcb_1,1725340880.66900,3,20,False,200,False,8,"[True, 0, False, 0, False, 0, True, 0]"
1725340895.362540,20:17:01:16:f0:23,01:0c:cd:01:0c:01,0x3101,146,QUTZS_XFMR1PIOC/LLN0$GO$gcb_1,1100,QUTZS_XFMR1PIOC/LLN0$DS_XFMR,gcb_1,1725340822.87200,1,77,False,200,False,8,"[False, 0, True, 0, False, 0, True, 0]"
1725340895.670039,20:17:01:16:f0:11,01:0c:cd:01:0c:03,0x3103,165,QUTZS_FDRPIOC/LLN0$GO$gcb_1,1100,QUTZS_FDRPIOC/LLN0$DS_FDR,gcb_1,1725340823.38700,1,78,False,200,False,14,"[False, 0, True, 0, False, 0, False, 0, False, 0, False, 0, False, 0]"
1725340895.958633,20:17:01:16:f0:32,01:0c:cd:01:0c:02,0x3102,146,QUTZS_XFMR2PIOC/LLN0$GO$gcb_1,1100,QUTZS_XFMR2PIOC/LLN0$DS_XFMR,gcb_1,1725340880.66900,3,21,False,200,False,8,"[True, 0, False, 0, False, 0, True, 0]"
1725340896.295293,20:17:01:16:f0:23,01:0c:cd:01:0c:01,0x3101,146,QUTZS_XFMR1PIOC/LLN0$GO$gcb_1,1100,QUTZS_XFMR1PIOC/LLN0$DS_XFMR,gcb_1,1725340822.87200,1,78,False,200,False,8,"[False, 0, True, 0, False, 0, True, 0]"
1725340896.596306,20:17:01:16:f0:11,01:0c:cd:01:0c:03,0x3103,165,QUTZS_FDRPIOC/LLN0$GO$gcb_1,1100,QUTZS_FDRPIOC/LLN0$DS_FDR,gcb_1,1725340823.38700,1,79,False,200,False,14,"[False, 0, True, 0, False, 0, False, 0, False, 0, False, 0, False, 0]"
1725340896.881205,20:17:01:16:f0:32,01:0c:cd:01:0c:02,0x3102,146,QUTZS_XFMR2PIOC/LLN0$GO$gcb_1,1100,QUTZS_XFMR2PIOC/LLN0$DS_XFMR,gcb_1,1725340880.66900,3,22,False,200,False,8,"[True, 0, False, 0, False, 0, True, 0]"
1725340897.236778,20:17:01:16:f0:23,01:0c:cd:01:0c:01,0x3101,146,QUTZS_XFMR1PIOC/LLN0$GO$gcb_1,1100,QUTZS_XFMR1PIOC/LLN0$DS_XFMR,gcb_1,1725340822.87200,1,79,False,200,False,8,"[False, 0, True, 0, False, 0, True, 0]"
1725340897.542103,20:17:01:16:f0:11,01:0c:cd:01:0c:03,0x3103,165,QUTZS_FDRPIOC/LLN0$GO$gcb_1,1100,QUTZS_FDRPIOC/LLN0$DS_FDR,gcb_1,1725340823.38700,1,80,False,200,False,14,"[False, 0, True, 0, False, 0, False, 0, False, 0, False, 0, False, 0]"
1725340897.794780,20:17:01:16:f0:32,01:0c:cd:01:0c:02,0x3102,146,QUTZS_XFMR2PIOC/LLN0$GO$gcb_1,1100,QUTZS_XFMR2PIOC/LLN0$DS_XFMR,gcb_1,1725340880.66900,3,23,False,200,False,8,"[True, 0, False, 0, False, 0, True, 0]"
1725340898.182253,20:17:01:16:f0:23,01:0c:cd:01:0c:01,0x3101,146,QUTZS_XFMR1PIOC/LLN0$GO$gcb_1,1100,QUTZS_XFMR1PIOC/LLN0$DS_XFMR,gcb_1,1725340822.87200,1,80,False,200,False,8,"[False, 0, True, 0, False, 0, True, 0]"
1725340898.468708,20:17:01:16:f0:11,01:0c:cd:01:0c:03,0x3103,165,QUTZS_FDRPIOC/LLN0$GO$gcb_1,1100,QUTZS_FDRPIOC/LLN0$DS_FDR,gcb_1,1725340823.38700,1,81,False,200,False,14,"[False, 0, True, 0, False, 0, False, 0, False, 0, False, 0, False, 0]"
1725340898.709433,20:17:01:16:f0:32,01:0c:cd:01:0c:02,0x3102,146,QUTZS_XFMR2PIOC/LLN0$GO$gcb_1,1100,QUTZS_XFMR2PIOC/LLN0$DS_XFMR,gcb_1,1725340880.66900,3,24,False,200,False,8,"[True, 0, False, 0, False, 0, True, 0]"
1725340899.141659,20:17:01:16:f0:23,01:0c:cd:01:0c:01,0x3101,146,QUTZS_XFMR1PIOC/LLN0$GO$gcb_1,1100,QUTZS_XFMR1PIOC/LLN0$DS_XFMR,gcb_1,1725340822.87200,1,81,False,200,False,8,"[False, 0, True, 0, False, 0, True, 0]"
1725340899.407535,20:17:01:16:f0:11,01:0c:cd:01:0c:03,0x3103,165,QUTZS_FDRPIOC/LLN0$GO$gcb_1,1100,QUTZS_FDRPIOC/LLN0$DS_FDR,gcb_1,1725340823.38700,1,82,False,200,False,14,"[False, 0, True, 0, False, 0, False, 0, False, 0, False, 0, False, 0]"
1725340899.631987,20:17:01:16:f0:32,01:0c:cd:01:0c:02,0x3102,146,QUTZS_XFMR2PIOC/LLN0$GO$gcb_1,1100,QUTZS_XFMR2PIOC/LLN0$DS_XFMR,gcb_1,1725340880.66900,3,25,False,200,False,8,"[True, 0, False, 0, False, 0, True, 0]"
1725340900.076024,20:17:01:16:f0:23,01:0c:cd:01:0c:01,0x3101,146,QUTZS_XFMR1PIOC/LLN0$GO$gcb_1,1100,QUTZS_XFMR1PIOC/LLN0$DS_XFMR,gcb_1,1725340822.87200,1,82,False,200,False,8,"[False, 0, True, 0, False, 0, True, 0]"
1725340900.332509,20:17:01:16:f0:11,01:0c:cd:01:0c:03,0x3103,165,QUTZS_FDRPIOC/LLN0$GO$gcb_1,1100,QUTZS_FDRPIOC/LLN0$DS_FDR,gcb_1,1725340823.38700,1,83,False,200,False,14,"[False, 0, True, 0, False, 0, False, 0, False, 0, False, 0, False, 0]"
1725340900.560352,20:17:01:16:f0:32,01:0c:cd:01:0c:02,0x3102,146,QUTZS_XFMR2PIOC/LLN0$GO$gcb_1,1100,QUTZS_XFMR2PIOC/LLN0$DS_XFMR,gcb_1,1725340880.66900,3,26,False,200,False,8,"[True, 0, False, 0, False, 0, True, 0]"
1725340901.007866,20:17:01:16:f0:23,01:0c:cd:01:0c:01,0x3101,146,QUTZS_XFMR1PIOC/LLN0$GO$gcb_1,1100,QUTZS_XFMR1PIOC/LLN0$DS_XFMR,gcb_1,1725340822.87200,1,83,False,200,False,8,"[False, 0, True, 0, False, 0, True, 0]"
1725340901.244801,20:17:01:16:f0:11,01:0c:cd:01:0c:03,0x3103,165,QUTZS_FDRPIOC/LLN0$GO$gcb_1,1100,QUTZS_FDRPIOC/LLN0$DS_FDR,gcb_1,1725340823.38700,1,84,False,200,False,14,"[False, 0, True, 0, False, 0, False, 0, False, 0, False, 0, False, 0]"
1725340901.480080,20:17:01:16:f0:32,01:0c:cd:01:0c:02,0x3102,146,QUTZS_XFMR2PIOC/LLN0$GO$gcb_1,1100,QUTZS_XFMR2PIOC/LLN0$DS_XFMR,gcb_1,1725340880.66900,3,27,False,200,False,8,"[True, 0, False, 0, False, 0, True, 0]"
1725340901.930634,20:17:01:16:f0:23,01:0c:cd:01:0c:01,0x3101,146,QUTZS_XFMR1PIOC/LLN0$GO$gcb_1,1100,QUTZS_XFMR1PIOC/LLN0$DS_XFMR,gcb_1,1725340822.87200,1,84,False,200,False,8,"[False, 0, True, 0, False, 0, True, 0]"
1725340902.163292,20:17:01:16:f0:11,01:0c:cd:01:0c:03,0x3103,165,QUTZS_FDRPIOC/LLN0$GO$gcb_1,1100,QUTZS_FDRPIOC/LLN0$DS_FDR,gcb_1,1725340823.38700,1,85,False,200,False,14,"[False, 0, True, 0, False, 0, False, 0, False, 0, False, 0, False, 0]"
1725340902.397573,20:17:01:16:f0:32,01:0c:cd:01:0c:02,0x3102,146,QUTZS_XFMR2PIOC/LLN0$GO$gcb_1,1100,QUTZS_XFMR2PIOC/LLN0$DS_XFMR,gcb_1,1725340880.66900,3,28,False,200,False,8,"[True, 0, False, 0, False, 0, True, 0]"
1725340902.874448,20:17:01:16:f0:23,01:0c:cd:01:0c:01,0x3101,146,QUTZS_XFMR1PIOC/LLN0$GO$gcb_1,1100,QUTZS_XFMR1PIOC/LLN0$DS_XFMR,gcb_1,1725340822.87200,1,85,False,200,False,8,"[False, 0, True, 0, False, 0, True, 0]"
1725340903.085825,20:17:01:16:f0:11,01:0c:cd:01:0c:03,0x3103,165,QUTZS_FDRPIOC/LLN0$GO$gcb_1,1100,QUTZS_FDRPIOC/LLN0$DS_FDR,gcb_1,1725340823.38700,1,86,False,200,False,14,"[False, 0, True, 0, False, 0, False, 0, False, 0, False, 0, False, 0]"
1725340903.319896,20:17:01:16:f0:32,01:0c:cd:01:0c:02,0x3102,146,QUTZS_XFMR2PIOC/LLN0$GO$gcb_1,1100,QUTZS_XFMR2PIOC/LLN0$DS_XFMR,gcb_1,1725340880.66900,3,29,False,200,False,8,"[True, 0, False, 0, False, 0, True, 0]"
1725340903.829698,20:17:01:16:f0:23,01:0c:cd:01:0c:01,0x3101,146,QUTZS_XFMR1PIOC/LLN0$GO$gcb_1,1100,QUTZS_XFMR1PIOC/LLN0$DS_XFMR,gcb_1,1725340822.87200,1,86,False,200,False,8,"[False, 0, True, 0, False, 0, True, 0]"
1725340904.029399,20:17:01:16:f0:11,01:0c:cd:01:0c:03,0x3103,165,QUTZS_FDRPIOC/LLN0$GO$gcb_1,1100,QUTZS_FDRPIOC/LLN0$DS_FDR,gcb_1,1725340823.38700,1,87,False,200,False,14,"[False, 0, True, 0, False, 0, False, 0, False, 0, False, 0, False, 0]"
1725340904.251680,20:17:01:16:f0:32,01:0c:cd:01:0c:02,0x3102,146,QUTZS_XFMR2PIOC/LLN0$GO$gcb_1,1100,QUTZS_XFMR2PIOC/LLN0$DS_XFMR,gcb_1,1725340880.66900,3,30,False,200,False,8,"[True, 0, False, 0, False, 0, True, 0]"
1725340904.773678,20:17:01:16:f0:23,01:0c:cd:01:0c:01,0x3101,146,QUTZS_XFMR1PIOC/LLN0$GO$gcb_1,1100,QUTZS_XFMR1PIOC/LLN0$DS_XFMR,gcb_1,1725340822.87200,1,87,False,200,False,8,"[False, 0, True, 0, False, 0, True, 0]"
1725340904.985987,20:17:01:16:f0:11,01:0c:cd:01:0c:03,0x3103,165,QUTZS_FDRPIOC/LLN0$GO$gcb_1,1100,QUTZS_FDRPIOC/LLN0$DS_FDR,gcb_1,1725340823.38700,1,88,False,200,False,14,"[False, 0, True, 0, False, 0, False, 0, False, 0, False, 0, False, 0]"
1725340905.191131,20:17:01:16:f0:32,01:0c:cd:01:0c:02,0x3102,146,QUTZS_XFMR2PIOC/LLN0$GO$gcb_1,1100,QUTZS_XFMR2PIOC/LLN0$DS_XFMR,gcb_1,1725340880.66900,3,31,False,200,False,8,"[True, 0, False, 0, False, 0, True, 0]"
1725340905.712737,20:17:01:16:f0:23,01:0c:cd:01:0c:01,0x3101,146,QUTZS_XFMR1PIOC/LLN0$GO$gcb_1,1100,QUTZS_XFMR1PIOC/LLN0$DS_XFMR,gcb_1,1725340822.87200,1,88,False,200,False,8,"[False, 0, True, 0, False, 0, True, 0]"
1725340905.900681,20:17:01:16:f0:11,01:0c:cd:01:0c:03,0x3103,165,QUTZS_FDRPIOC/LLN0$GO$gcb_1,1100,QUTZS_FDRPIOC/LLN0$DS_FDR,gcb_1,1725340823.38700,1,89,False,200,False,14,"[False, 0, True, 0, False, 0, False, 0, False, 0, False, 0, False, 0]"
1725340906.123082,20:17:01:16:f0:32,01:0c:cd:01:0c:02,0x3102,146,QUTZS_XFMR2PIOC/LLN0$GO$gcb_1,1100,QUTZS_XFMR2PIOC/LLN0$DS_XFMR,gcb_1,1725340880.66900,3,32,False,200,False,8,"[True, 0, False, 0, False, 0, True, 0]"
1725340906.643955,20:17:01:16:f0:23,01:0c:cd:01:0c:01,0x3101,146,QUTZS_XFMR1PIOC/LLN0$GO$gcb_1,1100,QUTZS_XFMR1PIOC/LLN0$DS_XFMR,gcb_1,1725340822.87200,1,89,False,200,False,8,"[False, 0, True, 0, False, 0, True, 0]"
1725340906.821296,20:17:01:16:f0:11,01:0c:cd:01:0c:03,0x3103,165,QUTZS_FDRPIOC/LLN0$GO$gcb_1,1100,QUTZS_FDRPIOC/LLN0$DS_FDR,gcb_1,1725340823.38700,1,90,False,200,False,14,"[False, 0, True, 0, False, 0, False, 0, False, 0, False, 0, False, 0]"
1725340907.042435,20:17:01:16:f0:32,01:0c:cd:01:0c:02,0x3102,146,QUTZS_XFMR2PIOC/LLN0$GO$gcb_1,1100,QUTZS_XFMR2PIOC/LLN0$DS_XFMR,gcb_1,1725340880.66900,3,33,False,200,False,8,"[True, 0, False, 0, False, 0, True, 0]"
1725340907.600572,20:17:01:16:f0:23,01:0c:cd:01:0c:01,0x3101,146,QUTZS_XFMR1PIOC/LLN0$GO$gcb_1,1100,QUTZS_XFMR1PIOC/LLN0$DS_XFMR,gcb_1,1725340822.87200,1,90,False,200,False,8,"[False, 0, True, 0, False, 0, True, 0]"
1725340907.742705,20:17:01:16:f0:11,01:0c:cd:01:0c:03,0x3103,165,QUTZS_FDRPIOC/LLN0$GO$gcb_1,1100,QUTZS_FDRPIOC/LLN0$DS_FDR,gcb_1,1725340823.38700,1,91,False,200,False,14,"[False, 0, True, 0, False, 0, False, 0, False, 0, False, 0, False, 0]"
1725340907.952224,20:17:01:16:f0:32,01:0c:cd:01:0c:02,0x3102,146,QUTZS_XFMR2PIOC/LLN0$GO$gcb_1,1100,QUTZS_XFMR2PIOC/LLN0$DS_XFMR,gcb_1,1725340880.66900,3,34,False,200,False,8,"[True, 0, False, 0, False, 0, True, 0]"
1725340908.555299,20:17:01:16:f0:23,01:0c:cd:01:0c:01,0x3101,146,QUTZS_XFMR1PIOC/LLN0$GO$gcb_1,1100,QUTZS_XFMR1PIOC/LLN0$DS_XFMR,gcb_1,1725340822.87200,1,91,False,200,False,8,"[False, 0, True, 0, False, 0, True, 0]"
1725340908.615330,20:17:01:16:f0:32,01:0c:cd:01:0c:02,0x3102,146,QUTZS_XFMR2PIOC/LLN0$GO$gcb_1,1100,QUTZS_XFMR2PIOC/LLN0$DS_XFMR,gcb_1,1725340908.50300,4,0,False,200,False,8,"[True, 0, True, 0, True, 0, False, 0]"
1725340908.617096,20:17:01:16:f0:32,01:0c:cd:01:0c:02,0x3102,146,QUTZS_XFMR2PIOC/LLN0$GO$gcb_1,1100,QUTZS_XFMR2PIOC/LLN0$DS_XFMR,gcb_1,1725340908.50300,4,1,False,200,False,8,"[True, 0, True, 0, True, 0, False, 0]"
1725340908.621330,20:17:01:16:f0:32,01:0c:cd:01:0c:02,0x3102,146,QUTZS_XFMR2PIOC/LLN0$GO$gcb_1,1100,QUTZS_XFMR2PIOC/LLN0$DS_XFMR,gcb_1,1725340908.50300,4,2,False,200,False,8,"[True, 0, True, 0, True, 0, False, 0]"
1725340908.641927,20:17:01:16:f0:32,01:0c:cd:01:0c:02,0x3102,146,QUTZS_XFMR2PIOC/LLN0$GO$gcb_1,1100,QUTZS_XFMR2PIOC/LLN0$DS_XFMR,gcb_1,1725340908.50300,4,3,False,200,False,8,"[True, 0, True, 0, True, 0, False, 0]"
1725340908.666920,20:17:01:16:f0:11,01:0c:cd:01:0c:03,0x3103,165,QUTZS_FDRPIOC/LLN0$GO$gcb_1,1100,QUTZS_FDRPIOC/LLN0$DS_FDR,gcb_1,1725340823.38700,1,92,False,200,False,14,"[False, 0, True, 0, False, 0, False, 0, False, 0, False, 0, False, 0]"
1725340908.706806,20:17:01:16:f0:32,01:0c:cd:01:0c:02,0x3102,146,QUTZS_XFMR2PIOC/LLN0$GO$gcb_1,1100,QUTZS_XFMR2PIOC/LLN0$DS_XFMR,gcb_1,1725340908.50300,4,4,False,200,False,8,"[True, 0, True, 0, True, 0, False, 0]"
1725340908.965655,20:17:01:16:f0:32,01:0c:cd:01:0c:02,0x3102,146,QUTZS_XFMR2PIOC/LLN0$GO$gcb_1,1100,QUTZS_XFMR2PIOC/LLN0$DS_XFMR,gcb_1,1725340908.50300,4,5,False,200,False,8,"[True, 0, True, 0, True, 0, False, 0]"
1725340909.502334,20:17:01:16:f0:23,01:0c:cd:01:0c:01,0x3101,146,QUTZS_XFMR1PIOC/LLN0$GO$gcb_1,1100,QUTZS_XFMR1PIOC/LLN0$DS_XFMR,gcb_1,1725340822.87200,1,92,False,200,False,8,"[False, 0, True, 0, False, 0, True, 0]"
1725340909.601758,20:17:01:16:f0:11,01:0c:cd:01:0c:03,0x3103,165,QUTZS_FDRPIOC/LLN0$GO$gcb_1,1100,QUTZS_FDRPIOC/LLN0$DS_FDR,gcb_1,1725340823.38700,1,93,False,200,False,14,"[False, 0, True, 0, False, 0, False, 0, False, 0, False, 0, False, 0]"
1725340909.915939,20:17:01:16:f0:32,01:0c:cd:01:0c:02,0x3102,146,QUTZS_XFMR2PIOC/LLN0$GO$gcb_1,1100,QUTZS_XFMR2PIOC/LLN0$DS_XFMR,gcb_1,1725340908.50300,4,6,False,200,False,8,"[True, 0, True, 0, True, 0, False, 0]"
1725340910.434948,20:17:01:16:f0:23,01:0c:cd:01:0c:01,0x3101,146,QUTZS_XFMR1PIOC/LLN0$GO$gcb_1,1100,QUTZS_XFMR1PIOC/LLN0$DS_XFMR,gcb_1,1725340822.87200,1,93,False,200,False,8,"[False, 0, True, 0, False, 0, True, 0]"
1725340910.516168,20:17:01:16:f0:11,01:0c:cd:01:0c:03,0x3103,165,QUTZS_FDRPIOC/LLN0$GO$gcb_1,1100,QUTZS_FDRPIOC/LLN0$DS_FDR,gcb_1,1725340823.38700,1,94,False,200,False,14,"[False, 0, True, 0, False, 0, False, 0, False, 0, False, 0, False, 0]"
1725340910.828766,20:17:01:16:f0:32,01:0c:cd:01:0c:02,0x3102,146,QUTZS_XFMR2PIOC/LLN0$GO$gcb_1,1100,QUTZS_XFMR2PIOC/LLN0$DS_XFMR,gcb_1,1725340908.50300,4,7,False,200,False,8,"[True, 0, True, 0, True, 0, False, 0]"
1725340911.364372,20:17:01:16:f0:23,01:0c:cd:01:0c:01,0x3101,146,QUTZS_XFMR1PIOC/LLN0$GO$gcb_1,1100,QUTZS_XFMR1PIOC/LLN0$DS_XFMR,gcb_1,1725340822.87200,1,94,False,200,False,8,"[False, 0, True, 0, False, 0, True, 0]"
1725340911.445654,20:17:01:16:f0:11,01:0c:cd:01:0c:03,0x3103,165,QUTZS_FDRPIOC/LLN0$GO$gcb_1,1100,QUTZS_FDRPIOC/LLN0$DS_FDR,gcb_1,1725340823.38700,1,95,False,200,False,14,"[False, 0, True, 0, False, 0, False, 0, False, 0, False, 0, False, 0]"
1725340911.754228,20:17:01:16:f0:32,01:0c:cd:01:0c:02,0x3102,146,QUTZS_XFMR2PIOC/LLN0$GO$gcb_1,1100,QUTZS_XFMR2PIOC/LLN0$DS_XFMR,gcb_1,1725340908.50300,4,8,False,200,False,8,"[True, 0, True, 0, True, 0, False, 0]"
1725340912.298287,20:17:01:16:f0:23,01:0c:cd:01:0c:01,0x3101,146,QUTZS_XFMR1PIOC/LLN0$GO$gcb_1,1100,QUTZS_XFMR1PIOC/LLN0$DS_XFMR,gcb_1,1725340822.87200,1,95,False,200,False,8,"[False, 0, True, 0, False, 0, True, 0]"
1725340912.364225,20:17:01:16:f0:11,01:0c:cd:01:0c:03,0x3103,165,QUTZS_FDRPIOC/LLN0$GO$gcb_1,1100,QUTZS_FDRPIOC/LLN0$DS_FDR,gcb_1,1725340823.38700,1,96,False,200,False,14,"[False, 0, True, 0, False, 0, False, 0, False, 0, False, 0, False, 0]"
1725340912.682501,20:17:01:16:f0:32,01:0c:cd:01:0c:02,0x3102,146,QUTZS_XFMR2PIOC/LLN0$GO$gcb_1,1100,QUTZS_XFMR2PIOC/LLN0$DS_XFMR,gcb_1,1725340908.50300,4,9,False,200,False,8,"[True, 0, True, 0, True, 0, False, 0]"
1725340913.217155,20:17:01:16:f0:23,01:0c:cd:01:0c:01,0x3101,146,QUTZS_XFMR1PIOC/LLN0$GO$gcb_1,1100,QUTZS_XFMR1PIOC/LLN0$DS_XFMR,gcb_1,1725340822.87200,1,96,False,200,False,8,"[False, 0, True, 0, False, 0, True, 0]"
1725340913.287677,20:17:01:16:f0:11,01:0c:cd:01:0c:03,0x3103,165,QUTZS_FDRPIOC/LLN0$GO$gcb_1,1100,QUTZS_FDRPIOC/LLN0$DS_FDR,gcb_1,1725340823.38700,1,97,False,200,False,14,"[False, 0, True, 0, False, 0, False, 0, False, 0, False, 0, False, 0]"
1725340913.605100,20:17:01:16:f0:32,01:0c:cd:01:0c:02,0x3102,146,QUTZS_XFMR2PIOC/LLN0$GO$gcb_1,1100,QUTZS_XFMR2PIOC/LLN0$DS_XFMR,gcb_1,1725340908.50300,4,10,False,200,False,8,"[True, 0, True, 0, True, 0, False, 0]"
1725340914.156264,20:17:01:16:f0:23,01:0c:cd:01:0c:01,0x3101,146,QUTZS_XFMR1PIOC/LLN0$GO$gcb_1,1100,QUTZS_XFMR1PIOC/LLN0$DS_XFMR,gcb_1,1725340822.87200,1,97,False,200,False,8,"[False, 0, True, 0, False, 0, True, 0]"
1725340914.219231,20:17:01:16:f0:11,01:0c:cd:01:0c:03,0x3103,165,QUTZS_FDRPIOC/LLN0$GO$gcb_1,1100,QUTZS_FDRPIOC/LLN0$DS_FDR,gcb_1,1725340823.38700,1,98,False,200,False,14,"[False, 0, True, 0, False, 0, False, 0, False, 0, False, 0, False, 0]"
1725340914.527610,20:17:01:16:f0:32,01:0c:cd:01:0c:02,0x3102,146,QUTZS_XFMR2PIOC/LLN0$GO$gcb_1,1100,QUTZS_XFMR2PIOC/LLN0$DS_XFMR,gcb_1,1725340908.50300,4,11,False,200,False,8,"[True, 0, True, 0, True, 0, False, 0]"
1725340915.095904,20:17:01:16:f0:23,01:0c:cd:01:0c:01,0x3101,146,QUTZS_XFMR1PIOC/LLN0$GO$gcb_1,1100,QUTZS_XFMR1PIOC/LLN0$DS_XFMR,gcb_1,1725340822.87200,1,98,False,200,False,8,"[False, 0, True, 0, False, 0, True, 0]"
1725340915.164190,20:17:01:16:f0:11,01:0c:cd:01:0c:03,0x3103,165,QUTZS_FDRPIOC/LLN0$GO$gcb_1,1100,QUTZS_FDRPIOC/LLN0$DS_FDR,gcb_1,1725340823.38700,1,99,False,200,False,14,"[False, 0, True, 0, False, 0, False, 0, False, 0, False, 0, False, 0]"
1725340915.453512,20:17:01:16:f0:32,01:0c:cd:01:0c:02,0x3102,146,QUTZS_XFMR2PIOC/LLN0$GO$gcb_1,1100,QUTZS_XFMR2PIOC/LLN0$DS_XFMR,gcb_1,1725340908.50300,4,12,False,200,False,8,"[True, 0, True, 0, True, 0, False, 0]"
1725340916.032389,20:17:01:16:f0:23,01:0c:cd:01:0c:01,0x3101,146,QUTZS_XFMR1PIOC/LLN0$GO$gcb_1,1100,QUTZS_XFMR1PIOC/LLN0$DS_XFMR,gcb_1,1725340822.87200,1,99,False,200,False,8,"[False, 0, True, 0, False, 0, True, 0]"
1725340916.080905,20:17:01:16:f0:11,01:0c:cd:01:0c:03,0x3103,165,QUTZS_FDRPIOC/LLN0$GO$gcb_1,1100,QUTZS_FDRPIOC/LLN0$DS_FDR,gcb_1,1725340823.38700,1,100,False,200,False,14,"[False, 0, True, 0, False, 0, False, 0, False, 0, False, 0, False, 0]"
1725340916.395936,20:17:01:16:f0:32,01:0c:cd:01:0c:02,0x3102,146,QUTZS_XFMR2PIOC/LLN0$GO$gcb_1,1100,QUTZS_XFMR2PIOC/LLN0$DS_XFMR,gcb_1,1725340908.50300,4,13,False,200,False,8,"[True, 0, True, 0, True, 0, False, 0]"
1725340916.977098,20:17:01:16:f0:23,01:0c:cd:01:0c:01,0x3101,146,QUTZS_XFMR1PIOC/LLN0$GO$gcb_1,1100,QUTZS_XFMR1PIOC/LLN0$DS_XFMR,gcb_1,1725340822.87200,1,100,False,200,False,8,"[False, 0, True, 0, False, 0, True, 0]"
1725340917.014392,20:17:01:16:f0:11,01:0c:cd:01:0c:03,0x3103,165,QUTZS_FDRPIOC/LLN0$GO$gcb_1,1100,QUTZS_FDRPIOC/LLN0$DS_FDR,gcb_1,1725340823.38700,1,101,False,200,False,14,"[False, 0, True, 0, False, 0, False, 0, False, 0, False, 0, False, 0]"
1725340917.334303,20:17:01:16:f0:32,01:0c:cd:01:0c:02,0x3102,146,QUTZS_XFMR2PIOC/LLN0$GO$gcb_1,1100,QUTZS_XFMR2PIOC/LLN0$DS_XFMR,gcb_1,1725340908.50300,4,14,False,200,False,8,"[True, 0, True, 0, True, 0, False, 0]"
1725340917.938047,20:17:01:16:f0:23,01:0c:cd:01:0c:01,0x3101,146,QUTZS_XFMR1PIOC/LLN0$GO$gcb_1,1100,QUTZS_XFMR1PIOC/LLN0$DS_XFMR,gcb_1,1725340822.87200,1,101,False,200,False,8,"[False, 0, True, 0, False, 0, True, 0]"
1725340917.950811,20:17:01:16:f0:11,01:0c:cd:01:0c:03,0x3103,165,QUTZS_FDRPIOC/LLN0$GO$gcb_1,1100,QUTZS_FDRPIOC/LLN0$DS_FDR,gcb_1,1725340823.38700,1,102,False,200,False,14,"[False, 0, True, 0, False, 0, False, 0, False, 0, False, 0, False, 0]"
1725340918.246313,20:17:01:16:f0:32,01:0c:cd:01:0c:02,0x3102,146,QUTZS_XFMR2PIOC/LLN0$GO$gcb_1,1100,QUTZS_XFMR2PIOC/LLN0$DS_XFMR,gcb_1,1725340908.50300,4,15,False,200,False,8,"[True, 0, True, 0, True, 0, False, 0]"
1725340918.879456,20:17:01:16:f0:11,01:0c:cd:01:0c:03,0x3103,165,QUTZS_FDRPIOC/LLN0$GO$gcb_1,1100,QUTZS_FDRPIOC/LLN0$DS_FDR,gcb_1,1725340823.38700,1,103,False,200,False,14,"[False, 0, True, 0, False, 0, False, 0, False, 0, False, 0, False, 0]"
1725340918.902196,20:17:01:16:f0:23,01:0c:cd:01:0c:01,0x3101,146,QUTZS_XFMR1PIOC/LLN0$GO$gcb_1,1100,QUTZS_XFMR1PIOC/LLN0$DS_XFMR,gcb_1,1725340822.87200,1,102,False,200,False,8,"[False, 0, True, 0, False, 0, True, 0]"
1725340919.182190,20:17:01:16:f0:32,01:0c:cd:01:0c:02,0x3102,146,QUTZS_XFMR2PIOC/LLN0$GO$gcb_1,1100,QUTZS_XFMR2PIOC/LLN0$DS_XFMR,gcb_1,1725340908.50300,4,16,False,200,False,8,"[True, 0, True, 0, True, 0, False, 0]"
1725340919.809406,20:17:01:16:f0:11,01:0c:cd:01:0c:03,0x3103,165,QUTZS_FDRPIOC/LLN0$GO$gcb_1,1100,QUTZS_FDRPIOC/LLN0$DS_FDR,gcb_1,1725340823.38700,1,104,False,200,False,14,"[False, 0, True, 0, False, 0, False, 0, False, 0, False, 0, False, 0]"
1725340919.851643,20:17:01:16:f0:23,01:0c:cd:01:0c:01,0x3101,146,QUTZS_XFMR1PIOC/LLN0$GO$gcb_1,1100,QUTZS_XFMR1PIOC/LLN0$DS_XFMR,gcb_1,1725340822.87200,1,103,False,200,False,8,"[False, 0, True, 0, False, 0, True, 0]"
1725340920.111339,20:17:01:16:f0:32,01:0c:cd:01:0c:02,0x3102,146,QUTZS_XFMR2PIOC/LLN0$GO$gcb_1,1100,QUTZS_XFMR2PIOC/LLN0$DS_XFMR,gcb_1,1725340908.50300,4,17,False,200,False,8,"[True, 0, True, 0, True, 0, False, 0]"
1725340920.739494,20:17:01:16:f0:11,01:0c:cd:01:0c:03,0x3103,165,QUTZS_FDRPIOC/LLN0$GO$gcb_1,1100,QUTZS_FDRPIOC/LLN0$DS_FDR,gcb_1,1725340823.38700,1,105,False,200,False,14,"[False, 0, True, 0, False, 0, False, 0, False, 0, False, 0, False, 0]"
1725340920.813896,20:17:01:16:f0:23,01:0c:cd:01:0c:01,0x3101,146,QUTZS_XFMR1PIOC/LLN0$GO$gcb_1,1100,QUTZS_XFMR1PIOC/LLN0$DS_XFMR,gcb_1,1725340822.87200,1,104,False,200,False,8,"[False, 0, True, 0, False, 0, True, 0]"
1725340921.042551,20:17:01:16:f0:32,01:0c:cd:01:0c:02,0x3102,146,QUTZS_XFMR2PIOC/LLN0$GO$gcb_1,1100,QUTZS_XFMR2PIOC/LLN0$DS_XFMR,gcb_1,1725340908.50300,4,18,False,200,False,8,"[True, 0, True, 0, True, 0, False, 0]"
1725340921.667367,20:17:01:16:f0:11,01:0c:cd:01:0c:03,0x3103,165,QUTZS_FDRPIOC/LLN0$GO$gcb_1,1100,QUTZS_FDRPIOC/LLN0$DS_FDR,gcb_1,1725340823.38700,1,106,False,200,False,14,"[False, 0, True, 0, False, 0, False, 0, False, 0, False, 0, False, 0]"
1725340921.756790,20:17:01:16:f0:23,01:0c:cd:01:0c:01,0x3101,146,QUTZS_XFMR1PIOC/LLN0$GO$gcb_1,1100,QUTZS_XFMR1PIOC/LLN0$DS_XFMR,gcb_1,1725340822.87200,1,105,False,200,False,8,"[False, 0, True, 0, False, 0, True, 0]"
1725340921.968748,20:17:01:16:f0:32,01:0c:cd:01:0c:02,0x3102,146,QUTZS_XFMR2PIOC/LLN0$GO$gcb_1,1100,QUTZS_XFMR2PIOC/LLN0$DS_XFMR,gcb_1,1725340908.50300,4,19,False,200,False,8,"[True, 0, True, 0, True, 0, False, 0]"
1725340922.600160,20:17:01:16:f0:11,01:0c:cd:01:0c:03,0x3103,165,QUTZS_FDRPIOC/LLN0$GO$gcb_1,1100,QUTZS_FDRPIOC/LLN0$DS_FDR,gcb_1,1725340823.38700,1,107,False,200,False,14,"[False, 0, True, 0, False, 0, False, 0, False, 0, False, 0, False, 0]"
1725340922.705075,20:17:01:16:f0:23,01:0c:cd:01:0c:01,0x3101,146,QUTZS_XFMR1PIOC/LLN0$GO$gcb_1,1100,QUTZS_XFMR1PIOC/LLN0$DS_XFMR,gcb_1,1725340822.87200,1,106,False,200,False,8,"[False, 0, True, 0, False, 0, True, 0]"
1725340922.894587,20:17:01:16:f0:32,01:0c:cd:01:0c:02,0x3102,146,QUTZS_XFMR2PIOC/LLN0$GO$gcb_1,1100,QUTZS_XFMR2PIOC/LLN0$DS_XFMR,gcb_1,1725340908.50300,4,20,False,200,False,8,"[True, 0, True, 0, True, 0, False, 0]"
1725340923.536323,20:17:01:16:f0:11,01:0c:cd:01:0c:03,0x3103,165,QUTZS_FDRPIOC/LLN0$GO$gcb_1,1100,QUTZS_FDRPIOC/LLN0$DS_FDR,gcb_1,1725340823.38700,1,108,False,200,False,14,"[False, 0, True, 0, False, 0, False, 0, False, 0, False, 0, False, 0]"
1725340923.642749,20:17:01:16:f0:23,01:0c:cd:01:0c:01,0x3101,146,QUTZS_XFMR1PIOC/LLN0$GO$gcb_1,1100,QUTZS_XFMR1PIOC/LLN0$DS_XFMR,gcb_1,1725340822.87200,1,107,False,200,False,8,"[False, 0, True, 0, False, 0, True, 0]"
1725340923.821790,20:17:01:16:f0:32,01:0c:cd:01:0c:02,0x3102,146,QUTZS_XFMR2PIOC/LLN0$GO$gcb_1,1100,QUTZS_XFMR2PIOC/LLN0$DS_XFMR,gcb_1,1725340908.50300,4,21,False,200,False,8,"[True, 0, True, 0, True, 0, False, 0]"
1725340924.478541,20:17:01:16:f0:11,01:0c:cd:01:0c:03,0x3103,165,QUTZS_FDRPIOC/LLN0$GO$gcb_1,1100,QUTZS_FDRPIOC/LLN0$DS_FDR,gcb_1,1725340823.38700,1,109,False,200,False,14,"[False, 0, True, 0, False, 0, False, 0, False, 0, False, 0, False, 0]"
1725340924.582535,20:17:01:16:f0:23,01:0c:cd:01:0c:01,0x3101,146,QUTZS_XFMR1PIOC/LLN0$GO$gcb_1,1100,QUTZS_XFMR1PIOC/LLN0$DS_XFMR,gcb_1,1725340822.87200,1,108,False,200,False,8,"[False, 0, True, 0, False, 0, True, 0]"
1725340924.737035,20:17:01:16:f0:32,01:0c:cd:01:0c:02,0x3102,146,QUTZS_XFMR2PIOC/LLN0$GO$gcb_1,1100,QUTZS_XFMR2PIOC/LLN0$DS_XFMR,gcb_1,1725340908.50300,4,22,False,200,False,8,"[True, 0, True, 0, True, 0, False, 0]"
1725340925.393047,20:17:01:16:f0:11,01:0c:cd:01:0c:03,0x3103,165,QUTZS_FDRPIOC/LLN0$GO$gcb_1,1100,QUTZS_FDRPIOC/LLN0$DS_FDR,gcb_1,1725340823.38700,1,110,False,200,False,14,"[False, 0, True, 0, False, 0, False, 0, False, 0, False, 0, False, 0]"
1725340925.526538,20:17:01:16:f0:23,01:0c:cd:01:0c:01,0x3101,146,QUTZS_XFMR1PIOC/LLN0$GO$gcb_1,1100,QUTZS_XFMR1PIOC/LLN0$DS_XFMR,gcb_1,1725340822.87200,1,109,False,200,False,8,"[False, 0, True, 0, False, 0, True, 0]"
1725340925.659575,20:17:01:16:f0:32,01:0c:cd:01:0c:02,0x3102,146,QUTZS_XFMR2PIOC/LLN0$GO$gcb_1,1100,QUTZS_XFMR2PIOC/LLN0$DS_XFMR,gcb_1,1725340908.50300,4,23,False,200,False,8,"[True, 0, True, 0, True, 0, False, 0]"
1725340926.323806,20:17:01:16:f0:11,01:0c:cd:01:0c:03,0x3103,165,QUTZS_FDRPIOC/LLN0$GO$gcb_1,1100,QUTZS_FDRPIOC/LLN0$DS_FDR,gcb_1,1725340823.38700,1,111,False,200,False,14,"[False, 0, True, 0, False, 0, False, 0, False, 0, False, 0, False, 0]"
1725340926.453295,20:17:01:16:f0:23,01:0c:cd:01:0c:01,0x3101,146,QUTZS_XFMR1PIOC/LLN0$GO$gcb_1,1100,QUTZS_XFMR1PIOC/LLN0$DS_XFMR,gcb_1,1725340822.87200,1,110,False,200,False,8,"[False, 0, True, 0, False, 0, True, 0]"
1725340926.594511,20:17:01:16:f0:32,01:0c:cd:01:0c:02,0x3102,146,QUTZS_XFMR2PIOC/LLN0$GO$gcb_1,1100,QUTZS_XFMR2PIOC/LLN0$DS_XFMR,gcb_1,1725340908.50300,4,24,False,200,False,8,"[True, 0, True, 0, True, 0, False, 0]"
1725340927.249639,20:17:01:16:f0:11,01:0c:cd:01:0c:03,0x3103,165,QUTZS_FDRPIOC/LLN0$GO$gcb_1,1100,QUTZS_FDRPIOC/LLN0$DS_FDR,gcb_1,1725340823.38700,1,112,False,200,False,14,"[False, 0, True, 0, False, 0, False, 0, False, 0, False, 0, False, 0]"
1725340927.401883,20:17:01:16:f0:23,01:0c:cd:01:0c:01,0x3101,146,QUTZS_XFMR1PIOC/LLN0$GO$gcb_1,1100,QUTZS_XFMR1PIOC/LLN0$DS_XFMR,gcb_1,1725340822.87200,1,111,False,200,False,8,"[False, 0, True, 0, False, 0, True, 0]"
1725340927.505635,20:17:01:16:f0:32,01:0c:cd:01:0c:02,0x3102,146,QUTZS_XFMR2PIOC/LLN0$GO$gcb_1,1100,QUTZS_XFMR2PIOC/LLN0$DS_XFMR,gcb_1,1725340908.50300,4,25,False,200,False,8,"[True, 0, True, 0, True, 0, False, 0]"
1725340928.157785,20:17:01:16:f0:11,01:0c:cd:01:0c:03,0x3103,165,QUTZS_FDRPIOC/LLN0$GO$gcb_1,1100,QUTZS_FDRPIOC/LLN0$DS_FDR,gcb_1,1725340823.38700,1,113,False,200,False,14,"[False, 0, True, 0, False, 0, False, 0, False, 0, False, 0, False, 0]"
1725340928.329143,20:17:01:16:f0:23,01:0c:cd:01:0c:01,0x3101,146,QUTZS_XFMR1PIOC/LLN0$GO$gcb_1,1100,QUTZS_XFMR1PIOC/LLN0$DS_XFMR,gcb_1,1725340822.87200,1,112,False,200,False,8,"[False, 0, True, 0, False, 0, True, 0]"
1725340928.427595,20:17:01:16:f0:32,01:0c:cd:01:0c:02,0x3102,146,QUTZS_XFMR2PIOC/LLN0$GO$gcb_1,1100,QUTZS_XFMR2PIOC/LLN0$DS_XFMR,gcb_1,1725340908.50300,4,26,False,200,False,8,"[True, 0, True, 0, True, 0, False, 0]"
1725340929.070104,20:17:01:16:f0:11,01:0c:cd:01:0c:03,0x3103,165,QUTZS_FDRPIOC/LLN0$GO$gcb_1,1100,QUTZS_FDRPIOC/LLN0$DS_FDR,gcb_1,1725340823.38700,1,114,False,200,False,14,"[False, 0, True, 0, False, 0, False, 0, False, 0, False, 0, False, 0]"
1725340929.263972,20:17:01:16:f0:23,01:0c:cd:01:0c:01,0x3101,146,QUTZS_XFMR1PIOC/LLN0$GO$gcb_1,1100,QUTZS_XFMR1PIOC/LLN0$DS_XFMR,gcb_1,1725340822.87200,1,113,False,200,False,8,"[False, 0, True, 0, False, 0, True, 0]"
1725340929.348762,20:17:01:16:f0:32,01:0c:cd:01:0c:02,0x3102,146,QUTZS_XFMR2PIOC/LLN0$GO$gcb_1,1100,QUTZS_XFMR2PIOC/LLN0$DS_XFMR,gcb_1,1725340908.50300,4,27,False,200,False,8,"[True, 0, True, 0, True, 0, False, 0]"
1725340930.003133,20:17:01:16:f0:11,01:0c:cd:01:0c:03,0x3103,165,QUTZS_FDRPIOC/LLN0$GO$gcb_1,1100,QUTZS_FDRPIOC/LLN0$DS_FDR,gcb_1,1725340823.38700,1,115,False,200,False,14,"[False, 0, True, 0, False, 0, False, 0, False, 0, False, 0, False, 0]"
1725340930.186288,20:17:01:16:f0:23,01:0c:cd:01:0c:01,0x3101,146,QUTZS_XFMR1PIOC/LLN0$GO$gcb_1,1100,QUTZS_XFMR1PIOC/LLN0$DS_XFMR,gcb_1,1725340822.87200,1,114,False,200,False,8,"[False, 0, True, 0, False, 0, True, 0]"
1725340930.274357,20:17:01:16:f0:32,01:0c:cd:01:0c:02,0x3102,146,QUTZS_XFMR2PIOC/LLN0$GO$gcb_1,1100,QUTZS_XFMR2PIOC/LLN0$DS_XFMR,gcb_1,1725340908.50300,4,28,False,200,False,8,"[True, 0, True, 0, True, 0, False, 0]"
1725340930.930721,20:17:01:16:f0:11,01:0c:cd:01:0c:03,0x3103,165,QUTZS_FDRPIOC/LLN0$GO$gcb_1,1100,QUTZS_FDRPIOC/LLN0$DS_FDR,gcb_1,1725340823.38700,1,116,False,200,False,14,"[False, 0, True, 0, False, 0, False, 0, False, 0, False, 0, False, 0]"
1725340931.125744,20:17:01:16:f0:23,01:0c:cd:01:0c:01,0x3101,146,QUTZS_XFMR1PIOC/LLN0$GO$gcb_1,1100,QUTZS_XFMR1PIOC/LLN0$DS_XFMR,gcb_1,1725340822.87200,1,115,False,200,False,8,"[False, 0, True, 0, False, 0, True, 0]"
1725340931.200623,20:17:01:16:f0:32,01:0c:cd:01:0c:02,0x3102,146,QUTZS_XFMR2PIOC/LLN0$GO$gcb_1,1100,QUTZS_XFMR2PIOC/LLN0$DS_XFMR,gcb_1,1725340908.50300,4,29,False,200,False,8,"[True, 0, True, 0, True, 0, False, 0]"
1725340931.866306,20:17:01:16:f0:11,01:0c:cd:01:0c:03,0x3103,165,QUTZS_FDRPIOC/LLN0$GO$gcb_1,1100,QUTZS_FDRPIOC/LLN0$DS_FDR,gcb_1,1725340823.38700,1,117,False,200,False,14,"[False, 0, True, 0, False, 0, False, 0, False, 0, False, 0, False, 0]"
1725340932.058603,20:17:01:16:f0:23,01:0c:cd:01:0c:01,0x3101,146,QUTZS_XFMR1PIOC/LLN0$GO$gcb_1,1100,QUTZS_XFMR1PIOC/LLN0$DS_XFMR,gcb_1,1725340822.87200,1,116,False,200,False,8,"[False, 0, True, 0, False, 0, True, 0]"
1725340932.132144,20:17:01:16:f0:32,01:0c:cd:01:0c:02,0x3102,146,QUTZS_XFMR2PIOC/LLN0$GO$gcb_1,1100,QUTZS_XFMR2PIOC/LLN0$DS_XFMR,gcb_1,1725340908.50300,4,30,False,200,False,8,"[True, 0, True, 0, True, 0, False, 0]"
1725340932.817406,20:17:01:16:f0:11,01:0c:cd:01:0c:03,0x3103,165,QUTZS_FDRPIOC/LLN0$GO$gcb_1,1100,QUTZS_FDRPIOC/LLN0$DS_FDR,gcb_1,1725340823.38700,1,118,False,200,False,14,"[False, 0, True, 0, False, 0, False, 0, False, 0, False, 0, False, 0]"
1725340933.010787,20:17:01:16:f0:23,01:0c:cd:01:0c:01,0x3101,146,QUTZS_XFMR1PIOC/LLN0$GO$gcb_1,1100,QUTZS_XFMR1PIOC/LLN0$DS_XFMR,gcb_1,1725340822.87200,1,117,False,200,False,8,"[False, 0, True, 0, False, 0, True, 0]"
1725340933.046562,20:17:01:16:f0:32,01:0c:cd:01:0c:02,0x3102,146,QUTZS_XFMR2PIOC/LLN0$GO$gcb_1,1100,QUTZS_XFMR2PIOC/LLN0$DS_XFMR,gcb_1,1725340908.50300,4,31,False,200,False,8,"[True, 0, True, 0, True, 0, False, 0]"
1725340933.723396,20:17:01:16:f0:11,01:0c:cd:01:0c:03,0x3103,165,QUTZS_FDRPIOC/LLN0$GO$gcb_1,1100,QUTZS_FDRPIOC/LLN0$DS_FDR,gcb_1,1725340823.38700,1,119,False,200,False,14,"[False, 0, True, 0, False, 0, False, 0, False, 0, False, 0, False, 0]"
1725340933.947455,20:17:01:16:f0:23,01:0c:cd:01:0c:01,0x3101,146,QUTZS_XFMR1PIOC/LLN0$GO$gcb_1,1100,QUTZS_XFMR1PIOC/LLN0$DS_XFMR,gcb_1,1725340822.87200,1,118,False,200,False,8,"[False, 0, True, 0, False, 0, True, 0]"
1725340933.970426,20:17:01:16:f0:32,01:0c:cd:01:0c:02,0x3102,146,QUTZS_XFMR2PIOC/LLN0$GO$gcb_1,1100,QUTZS_XFMR2PIOC/LLN0$DS_XFMR,gcb_1,1725340908.50300,4,32,False,200,False,8,"[True, 0, True, 0, True, 0, False, 0]"
1725340934.658946,20:17:01:16:f0:11,01:0c:cd:01:0c:03,0x3103,165,QUTZS_FDRPIOC/LLN0$GO$gcb_1,1100,QUTZS_FDRPIOC/LLN0$DS_FDR,gcb_1,1725340823.38700,1,120,False,200,False,14,"[False, 0, True, 0, False, 0, False, 0, False, 0, False, 0, False, 0]"
1725340934.867536,20:17:01:16:f0:23,01:0c:cd:01:0c:01,0x3101,146,QUTZS_XFMR1PIOC/LLN0$GO$gcb_1,1100,QUTZS_XFMR1PIOC/LLN0$DS_XFMR,gcb_1,1725340822.87200,1,119,False,200,False,8,"[False, 0, True, 0, False, 0, True, 0]"
1725340934.901269,20:17:01:16:f0:32,01:0c:cd:01:0c:02,0x3102,146,QUTZS_XFMR2PIOC/LLN0$GO$gcb_1,1100,QUTZS_XFMR2PIOC/LLN0$DS_XFMR,gcb_1,1725340908.50300,4,33,False,200,False,8,"[True, 0, True, 0, True, 0, False, 0]"
1725340935.584041,20:17:01:16:f0:11,01:0c:cd:01:0c:03,0x3103,165,QUTZS_FDRPIOC/LLN0$GO$gcb_1,1100,QUTZS_FDRPIOC/LLN0$DS_FDR,gcb_1,1725340823.38700,1,121,False,200,False,14,"[False, 0, True, 0, False, 0, False, 0, False, 0, False, 0, False, 0]"
1725340935.800245,20:17:01:16:f0:23,01:0c:cd:01:0c:01,0x3101,146,QUTZS_XFMR1PIOC/LLN0$GO$gcb_1,1100,QUTZS_XFMR1PIOC/LLN0$DS_XFMR,gcb_1,1725340822.87200,1,120,False,200,False,8,"[False, 0, True, 0, False, 0, True, 0]"
1725340935.845445,20:17:01:16:f0:32,01:0c:cd:01:0c:02,0x3102,146,QUTZS_XFMR2PIOC/LLN0$GO$gcb_1,1100,QUTZS_XFMR2PIOC/LLN0$DS_XFMR,gcb_1,1725340908.50300,4,34,False,200,False,8,"[True, 0, True, 0, True, 0, False, 0]"
1725340936.509593,20:17:01:16:f0:11,01:0c:cd:01:0c:03,0x3103,165,QUTZS_FDRPIOC/LLN0$GO$gcb_1,1100,QUTZS_FDRPIOC/LLN0$DS_FDR,gcb_1,1725340823.38700,1,122,False,200,False,14,"[False, 0, True, 0, False, 0, False, 0, False, 0, False, 0, False, 0]"
1725340936.745947,20:17:01:16:f0:23,01:0c:cd:01:0c:01,0x3101,146,QUTZS_XFMR1PIOC/LLN0$GO$gcb_1,1100,QUTZS_XFMR1PIOC/LLN0$DS_XFMR,gcb_1,1725340822.87200,1,121,False,200,False,8,"[False, 0, True, 0, False, 0, True, 0]"
1725340936.777104,20:17:01:16:f0:32,01:0c:cd:01:0c:02,0x3102,146,QUTZS_XFMR2PIOC/LLN0$GO$gcb_1,1100,QUTZS_XFMR2PIOC/LLN0$DS_XFMR,gcb_1,1725340908.50300,4,35,False,200,False,8,"[True, 0, True, 0, True, 0, False, 0]"
1725340937.441625,20:17:01:16:f0:11,01:0c:cd:01:0c:03,0x3103,165,QUTZS_FDRPIOC/LLN0$GO$gcb_1,1100,QUTZS_FDRPIOC/LLN0$DS_FDR,gcb_1,1725340823.38700,1,123,False,200,False,14,"[False, 0, True, 0, False, 0, False, 0, False, 0, False, 0, False, 0]"
1725340937.685574,20:17:01:16:f0:23,01:0c:cd:01:0c:01,0x3101,146,QUTZS_XFMR1PIOC/LLN0$GO$gcb_1,1100,QUTZS_XFMR1PIOC/LLN0$DS_XFMR,gcb_1,1725340822.87200,1,122,False,200,False,8,"[False, 0, True, 0, False, 0, True, 0]"
1725340937.697294,20:17:01:16:f0:32,01:0c:cd:01:0c:02,0x3102,146,QUTZS_XFMR2PIOC/LLN0$GO$gcb_1,1100,QUTZS_XFMR2PIOC/LLN0$DS_XFMR,gcb_1,1725340908.50300,4,36,False,200,False,8,"[True, 0, True, 0, True, 0, False, 0]"
1725340938.370178,20:17:01:16:f0:11,01:0c:cd:01:0c:03,0x3103,165,QUTZS_FDRPIOC/LLN0$GO$gcb_1,1100,QUTZS_FDRPIOC/LLN0$DS_FDR,gcb_1,1725340823.38700,1,124,False,200,False,14,"[False, 0, True, 0, False, 0, False, 0, False, 0, False, 0, False, 0]"
1725340938.618670,20:17:01:16:f0:23,01:0c:cd:01:0c:01,0x3101,146,QUTZS_XFMR1PIOC/LLN0$GO$gcb_1,1100,QUTZS_XFMR1PIOC/LLN0$DS_XFMR,gcb_1,1725340822.87200,1,123,False,200,False,8,"[False, 0, True, 0, False, 0, True, 0]"
1725340938.625401,20:17:01:16:f0:32,01:0c:cd:01:0c:02,0x3102,146,QUTZS_XFMR2PIOC/LLN0$GO$gcb_1,1100,QUTZS_XFMR2PIOC/LLN0$DS_XFMR,gcb_1,1725340908.50300,4,37,False,200,False,8,"[True, 0, True, 0, True, 0, False, 0]"
1725340939.298764,20:17:01:16:f0:11,01:0c:cd:01:0c:03,0x3103,165,QUTZS_FDRPIOC/LLN0$GO$gcb_1,1100,QUTZS_FDRPIOC/LLN0$DS_FDR,gcb_1,1725340823.38700,1,125,False,200,False,14,"[False, 0, True, 0, False, 0, False, 0, False, 0, False, 0, False, 0]"
1725340939.555328,20:17:01:16:f0:32,01:0c:cd:01:0c:02,0x3102,146,QUTZS_XFMR2PIOC/LLN0$GO$gcb_1,1100,QUTZS_XFMR2PIOC/LLN0$DS_XFMR,gcb_1,1725340908.50300,4,38,False,200,False,8,"[True, 0, True, 0, True, 0, False, 0]"
1725340939.565711,20:17:01:16:f0:23,01:0c:cd:01:0c:01,0x3101,146,QUTZS_XFMR1PIOC/LLN0$GO$gcb_1,1100,QUTZS_XFMR1PIOC/LLN0$DS_XFMR,gcb_1,1725340822.87200,1,124,False,200,False,8,"[False, 0, True, 0, False, 0, True, 0]"
1725340940.247802,20:17:01:16:f0:11,01:0c:cd:01:0c:03,0x3103,165,QUTZS_FDRPIOC/LLN0$GO$gcb_1,1100,QUTZS_FDRPIOC/LLN0$DS_FDR,gcb_1,1725340823.38700,1,126,False,200,False,14,"[False, 0, True, 0, False, 0, False, 0, False, 0, False, 0, False, 0]"
1725340940.476321,20:17:01:16:f0:32,01:0c:cd:01:0c:02,0x3102,146,QUTZS_XFMR2PIOC/LLN0$GO$gcb_1,1100,QUTZS_XFMR2PIOC/LLN0$DS_XFMR,gcb_1,1725340908.50300,4,39,False,200,False,8,"[True, 0, True, 0, True, 0, False, 0]"
1725340940.515232,20:17:01:16:f0:23,01:0c:cd:01:0c:01,0x3101,146,QUTZS_XFMR1PIOC/LLN0$GO$gcb_1,1100,QUTZS_XFMR1PIOC/LLN0$DS_XFMR,gcb_1,1725340822.87200,1,125,False,200,False,8,"[False, 0, True, 0, False, 0, True, 0]"
1725340941.164465,20:17:01:16:f0:11,01:0c:cd:01:0c:03,0x3103,165,QUTZS_FDRPIOC/LLN0$GO$gcb_1,1100,QUTZS_FDRPIOC/LLN0$DS_FDR,gcb_1,1725340823.38700,1,127,False,200,False,14,"[False, 0, True, 0, False, 0, False, 0, False, 0, False, 0, False, 0]"
1725340941.412349,20:17:01:16:f0:32,01:0c:cd:01:0c:02,0x3102,146,QUTZS_XFMR2PIOC/LLN0$GO$gcb_1,1100,QUTZS_XFMR2PIOC/LLN0$DS_XFMR,gcb_1,1725340908.50300,4,40,False,200,False,8,"[True, 0, True, 0, True, 0, False, 0]"
1725340941.460768,20:17:01:16:f0:23,01:0c:cd:01:0c:01,0x3101,146,QUTZS_XFMR1PIOC/LLN0$GO$gcb_1,1100,QUTZS_XFMR1PIOC/LLN0$DS_XFMR,gcb_1,1725340822.87200,1,126,False,200,False,8,"[False, 0, True, 0, False, 0, True, 0]"
1725340942.091900,20:17:01:16:f0:11,01:0c:cd:01:0c:03,0x3103,166,QUTZS_FDRPIOC/LLN0$GO$gcb_1,1100,QUTZS_FDRPIOC/LLN0$DS_FDR,gcb_1,1725340823.38700,1,128,False,200,False,14,"[False, 0, True, 0, False, 0, False, 0, False, 0, False, 0, False, 0]"
1725340942.334004,20:17:01:16:f0:32,01:0c:cd:01:0c:02,0x3102,146,QUTZS_XFMR2PIOC/LLN0$GO$gcb_1,1100,QUTZS_XFMR2PIOC/LLN0$DS_XFMR,gcb_1,1725340908.50300,4,41,False,200,False,8,"[True, 0, True, 0, True, 0, False, 0]"
1725340942.404911,20:17:01:16:f0:23,01:0c:cd:01:0c:01,0x3101,146,QUTZS_XFMR1PIOC/LLN0$GO$gcb_1,1100,QUTZS_XFMR1PIOC/LLN0$DS_XFMR,gcb_1,1725340822.87200,1,127,False,200,False,8,"[False, 0, True, 0, False, 0, True, 0]"
1725340943.038231,20:17:01:16:f0:11,01:0c:cd:01:0c:03,0x3103,166,QUTZS_FDRPIOC/LLN0$GO$gcb_1,1100,QUTZS_FDRPIOC/LLN0$DS_FDR,gcb_1,1725340823.38700,1,129,False,200,False,14,"[False, 0, True, 0, False, 0, False, 0, False, 0, False, 0, False, 0]"
1725340943.247616,20:17:01:16:f0:32,01:0c:cd:01:0c:02,0x3102,146,QUTZS_XFMR2PIOC/LLN0$GO$gcb_1,1100,QUTZS_XFMR2PIOC/LLN0$DS_XFMR,gcb_1,1725340908.50300,4,42,False,200,False,8,"[True, 0, True, 0, True, 0, False, 0]"
1725340943.349562,20:17:01:16:f0:23,01:0c:cd:01:0c:01,0x3101,147,QUTZS_XFMR1PIOC/LLN0$GO$gcb_1,1100,QUTZS_XFMR1PIOC/LLN0$DS_XFMR,gcb_1,1725340822.87200,1,128,False,200,False,8,"[False, 0, True, 0, False, 0, True, 0]"
1725340943.973768,20:17:01:16:f0:11,01:0c:cd:01:0c:03,0x3103,166,QUTZS_FDRPIOC/LLN0$GO$gcb_1,1100,QUTZS_FDRPIOC/LLN0$DS_FDR,gcb_1,1725340823.38700,1,130,False,200,False,14,"[False, 0, True, 0, False, 0, False, 0, False, 0, False, 0, False, 0]"
1725340944.177015,20:17:01:16:f0:32,01:0c:cd:01:0c:02,0x3102,146,QUTZS_XFMR2PIOC/LLN0$GO$gcb_1,1100,QUTZS_XFMR2PIOC/LLN0$DS_XFMR,gcb_1,1725340908.50300,4,43,False,200,False,8,"[True, 0, True, 0, True, 0, False, 0]"
1725340944.294294,20:17:01:16:f0:23,01:0c:cd:01:0c:01,0x3101,147,QUTZS_XFMR1PIOC/LLN0$GO$gcb_1,1100,QUTZS_XFMR1PIOC/LLN0$DS_XFMR,gcb_1,1725340822.87200,1,129,False,200,False,8,"[False, 0, True, 0, False, 0, True, 0]"
1725340944.904228,20:17:01:16:f0:11,01:0c:cd:01:0c:03,0x3103,166,QUTZS_FDRPIOC/LLN0$GO$gcb_1,1100,QUTZS_FDRPIOC/LLN0$DS_FDR,gcb_1,1725340823.38700,1,131,False,200,False,14,"[False, 0, True, 0, False, 0, False, 0, False, 0, False, 0, False, 0]"
